id,company_name,title,job_url,archive_url,archive_source,archive_status,recruiting_season,category,class_year,degree_enrollment,additional_skills,language_requirements,date_archived,application_closes,status,source,first_seen_date
3fbfec6a-6a08-4eb5-af05-582e9d6c9f63,Schonfeld,Systematic COO Intern,https://job-boards.greenhouse.io/schonfeld/jobs/8172059,,none,failed,Summer 2027,,,,,,2026-09-04T23:32:52Z,,unreviewed,simplify,2026-09-04T23:00:50Z
1679d1fa-953d-4b83-b4f5-e2e3a9f4cdd0,Schonfeld,Software Engineering Intern,https://job-boards.greenhouse.io/schonfeld/jobs/8180089,,none,failed,Summer 2027,,,,,,2026-09-04T23:33:58Z,,unreviewed,simplify,2026-09-04T23:00:50Z
ff867ed1-cf5a-4419-a4d7-47d1b9066205,Schonfeld,Fixed Income Intern,https://job-boards.greenhouse.io/schonfeld/jobs/8172055,https://web.archive.org/web/20260904233524/https://job-boards.greenhouse.io/schonfeld/jobs/8172055,wayback,success,Summer 2027,,,,,,2026-09-04T23:35:40Z,,unreviewed,simplify,2026-09-04T23:00:50Z
ce15dae3-7399-4de2-93b2-1047bc6aedc8,Schonfeld,Data Science Intern,https://job-boards.greenhouse.io/schonfeld/jobs/8171692,,none,failed,Summer 2027,,,,,,2026-09-04T23:37:05Z,,unreviewed,simplify,2026-09-04T23:00:50Z
9e38ba0d-ec3d-410d-9e74-03cba82dd023,Schonfeld,Quantitative Research Intern,https://job-boards.greenhouse.io/schonfeld/jobs/8172074,,none,failed,Summer 2027,,,,,,2026-09-04T23:38:11Z,,unreviewed,simplify,2026-09-04T23:00:50Z
13029c1c-d8c6-4568-a234-471d6081d632,Schonfeld,Technology Intern - DMFI,https://job-boards.greenhouse.io/schonfeld/jobs/8171772,,,pending,Summer 2027,,,,,,,,unreviewed,simplify,2026-09-04T23:00:50Z
2958c86d-fef5-4422-a0a1-7bd489bfebf1,Schonfeld,Business Analytics Intern,https://job-boards.greenhouse.io/schonfeld/jobs/8171703,,,pending,Summer 2027,,,,,,,,unreviewed,simplify,2026-09-04T23:00:50Z
f503c11d-3e20-467e-974e-94f5e84053d9,Brave,Software Engineer Intern - Waterloo University,https://job-boards.greenhouse.io/brave/jobs/8161945,,,pending,Fall 2026,,,,,,,,unreviewed,simplify,2026-09-04T23:00:50Z
275d984e-f45f-40b4-9ff9-4ee167ccbb6d,Cox,Software Engineer Intern - Summer 2027,https://cox.wd1.myworkdayjobs.com/Cox_External_Career_Site_1/job/Long-Island-NY/Software-Engineering-Intern---Summer-2027--North-Hills--NY-_R202682171-1,,none,failed,Summer 2027,,,,,,2026-09-04T23:01:33Z,,unreviewed,simplify,2026-09-04T22:30:47Z
4a01e4d3-60e8-452f-a585-accc003f913d,DIRECTV,Operational Analytics Intern,https://directv.wd1.myworkdayjobs.com/careers/job/El-Segundo-CA/DIRECTV-for-Business--Operational-Analytics-Intern_R260282,,none,failed,Summer 2027,,,,,,2026-09-04T23:02:39Z,,unreviewed,simplify,2026-09-04T22:30:47Z
16a27c2f-e977-4813-bb03-f6736d8f1f5f,Ernst & Young,Product Manager Intern - Tax - Other Tax,https://eyglobal.yello.co/jobs/ScWvvhAQZFvHMXityc1Mgw?job_board_id=c1riT--B2O-KySgYWsZO1Q,,none,failed,Summer 2027,,,,,,2026-09-04T23:03:44Z,,unreviewed,simplify,2026-09-04T22:30:47Z
4f65c1a2-2842-4064-92f3-14fbb0e9cf06,Ernst & Young,Artificial Intelligence Intern - Tax - Tax Technology and Transformation,https://eyglobal.yello.co/jobs/LGUG7W08QqkVXWnuqFB0TA?job_board_id=c1riT--B2O-KySgYWsZO1Q,https://web.archive.org/web/20260904230501/https://eyglobal.yello.co/jobs/LGUG7W08QqkVXWnuqFB0TA?job_board_id=c1riT--B2O-KySgYWsZO1Q,wayback,success,Summer 2027,,,,,,2026-09-04T23:05:23Z,,unreviewed,simplify,2026-09-04T22:30:47Z
31c5ffff-7ad5-4068-a1cb-42ff7c4b6ca3,Garner Health,Software Engineer Intern,https://job-boards.greenhouse.io/garnerhealth/jobs/6164698004,,none,failed,Summer 2026,,,,,,2026-09-04T23:06:48Z,,unreviewed,simplify,2026-09-04T22:30:47Z
c32cbbd3-747f-429e-9658-bd8464e5e370,Royal Bank of Canada,Global Investment Banking Analyst,https://rbc.wd3.myworkdayjobs.com/RBCEARLYTALENT1/job/BROOKFIELD-PLACE-FKA-3-WORLD-FINANCIAL-CENTER-200-VESEY-STREETNEW-YORK/XMLNAME-2027-Global-Investment-Banking--AidenEdge-Program-Winter-Analyst--4-Months-_R-0000186588,,none,failed,Winter 2027,,,,,,2026-09-04T15:31:29Z,,unreviewed,simplify,2026-09-04T15:01:05Z
6c668749-9b77-4c73-a3c7-e202655f53ab,Royal Bank of Canada,Capital Markets Analyst Intern - AidenEdge,https://rbc.wd3.myworkdayjobs.com/RBCEARLYTALENT1/job/BROOKFIELD-PLACE-FKA-3-WORLD-FINANCIAL-CENTER-200-VESEY-STREETNEW-YORK/XMLNAME-2027-Capital-Markets--AidenEdge-Program-Winter-Analyst--4-Months-_R-0000186586,,none,failed,Winter 2027,,,,,,2026-09-04T15:32:35Z,,unreviewed,simplify,2026-09-04T15:01:05Z
72a4e3a7-dbd3-4740-8a39-4b1bfbd63ec6,Ernst & Young,Data and Technology Intern - Multiple Teams,https://eyglobal.yello.co/jobs/gqy0pJfAkXrlECgDBjqcIw?job_board_id=c1riT--B2O-KySgYWsZO1Q,https://web.archive.org/web/20260904150056/https://eyglobal.yello.co/jobs/gqy0pJfAkXrlECgDBjqcIw?job_board_id=c1riT--B2O-KySgYWsZO1Q,wayback,success,Summer 2027,,,,,,2026-09-04T15:01:17Z,,unreviewed,simplify,2026-09-04T14:30:53Z
c86d0cd8-688e-4d74-beff-876230e13041,TD Bank,Software Engineer Intern - Software Engineering Rotational Program,https://td.wd3.myworkdayjobs.com/TD_Bank_Careers/job/New-York-New-York/XMLNAME-2027-Summer-Analyst---Software-Engineering-Rotational-Program--New-York-City-_R_1508053,https://web.archive.org/web/20260904133829/https://td.wd3.myworkdayjobs.com/TD_Bank_Careers/job/New-York-New-York/XMLNAME-2027-Summer-Analyst---Software-Engineering-Rotational-Program--New-York-City-_R_1508053,wayback,success,Summer 2027,,,,,,2026-09-04T13:38:53Z,,unreviewed,simplify,2026-09-04T13:30:49Z
9e2ec060-ced5-4de9-8b37-e6606f616233,Metropolitan Transportation Authority,EAM Analyst Intern - Emerging Talent,https://jobs.jobvite.com/metropolitantransportationauthority/job/oZuEAfwr?nl=1&nl=1&fr=false,https://web.archive.org/web/20260904133031/https://jobs.jobvite.com/metropolitantransportationauthority/job/oZuEAfwr?nl=1&nl=1&fr=false,wayback,success,Spring 2027,,,,,,2026-09-04T13:30:48Z,,unreviewed,simplify,2026-09-04T13:01:51Z
db7ca646-e2f6-4a10-bc6b-1d67f5ffcddf,Barclays,Quantitative Finance Associate Intern,https://barclays.wd3.myworkdayjobs.com/External_Career_Site_Barclays/job/New-York-745-7th-Avenue/Quantitative-Finance-Associate-Summer-Internship-Program-2027-New-York_JR-0000128099,https://web.archive.org/web/20260904130207/https://barclays.wd3.myworkdayjobs.com/External_Career_Site_Barclays/job/New-York-745-7th-Avenue/Quantitative-Finance-Associate-Summer-Internship-Program-2027-New-York_JR-0000128099,wayback,success,Summer 2027,,,,,,2026-09-04T13:02:35Z,,unreviewed,simplify,2026-09-04T12:30:45Z
9f1a3d4b-e719-4a8d-8675-c400a470b458,Rockefeller Capital Management,Summer Analyst Intern - Distribution,https://careers-rcm.icims.com/jobs/5406/job?mobile=true&needsRedirect=false,,none,failed,Summer 2026,,,,,,2026-09-04T11:40:48Z,,unreviewed,simplify,2026-09-04T11:30:50Z
553e936d-d5c4-4aff-b6a3-b91ff60b0afb,AXQ Capital,Quantitative Research Intern - Summer 2027,https://job-boards.greenhouse.io/axq/jobs/6181069004,https://web.archive.org/web/20260904040148/https://job-boards.greenhouse.io/axq/jobs/6181069004,wayback,success,Summer 2027,,,,,,2026-09-04T04:02:12Z,,unreviewed,simplify,2026-09-04T03:30:57Z
04e8aa73-2fa2-4703-833b-db9d9121ff45,Wonder,Robotics Systems Engineer Intern,https://wonder.wd1.myworkdayjobs.com/WG/job/New-York-NY/Robotics-Systems-Engineer-Intern_JR101321,https://web.archive.org/web/20260904033158/https://wonder.wd1.myworkdayjobs.com/WG/job/New-York-NY/Robotics-Systems-Engineer-Intern_JR101321,wayback,success,Winter 2026,,,,,,2026-09-04T03:32:16Z,,unreviewed,simplify,2026-09-04T03:00:48Z
6d124577-37f3-43dc-9f09-4adaf82dbdae,Ancestry,Applied AI Science Co-op - Embedding models - Personalization,https://ancestry.wd501.myworkdayjobs.com/Careers/job/Remote/Applied-AI-Science-Co-op---Embedding-models-and-Personalization_R003442,,none,failed,Winter 2026,,,,,,2026-09-04T03:33:47Z,,unreviewed,simplify,2026-09-04T03:00:48Z
b81b2217-a688-46b8-83b5-2249cb117104,Wonder,Process and Data Analysis Engineer Intern,https://wonder.wd1.myworkdayjobs.com/WG/job/New-York-NY/Process-and-Data-Analysis-Engineer-Intern_JR101325,,none,failed,Winter 2026,,,,,,2026-09-04T03:34:52Z,,unreviewed,simplify,2026-09-04T03:00:48Z
a9900edf-029b-4f1e-98cb-a9a1c96f11b3,Adobe,Software Engineer Intern,https://adobe.wd5.myworkdayjobs.com/external_experienced/job/San-Jose/XMLNAME-2027-Intern---Software-Engineer_R171666,,none,failed,Summer 2027,,,,,,2026-09-04T03:35:35Z,,unreviewed,simplify,2026-09-04T03:00:48Z
b6a6b28f-c858-4ef8-b6b4-aeda2206e9ad,Goldman Sachs,Summer Analyst Intern,https://higher.gs.com/roles/171550?type=students,,none,failed,Summer 2027,,,,,,2026-09-04T03:36:49Z,,unreviewed,simplify,2026-09-04T03:00:48Z
5a49d74c-fa9f-4dd4-a66b-24fc3d9c1def,Goldman Sachs,Summer Analyst Intern - Americas - Engineering,https://higher.gs.com/roles/171564?type=students,,,pending,Summer 2027,,,,,,,,unreviewed,simplify,2026-09-04T03:00:48Z
765bb91e-34d7-4746-8e11-8598e700e845,Goldman Sachs,Quantitative Strategist Intern - Americas - The Core Quantitative Strats,https://higher.gs.com/roles/171533?type=students,,,pending,Summer 2027,,,,,,,,unreviewed,simplify,2026-09-04T03:00:48Z
260ebea6-b3a6-4e5e-8824-71490c13d10f,Goldman Sachs,Summer Analyst Intern - Americas - Investment Banking Quantitative Strats,https://higher.gs.com/roles/171547?type=students,,,pending,Summer 2027,,,,,,,,unreviewed,simplify,2026-09-04T03:00:48Z
cc58fac9-b0fa-47d6-8d76-5a9b5e373147,Marquee Brands,Consumer Insights Intern,https://marqueebrands.bamboohr.com/careers/132/,https://web.archive.org/web/20260903213032/https://marqueebrands.bamboohr.com/careers/132/,wayback,success,Fall 2026,,,,,,2026-09-03T21:31:00Z,,unreviewed,simplify,2026-09-03T21:00:48Z
991f0b7c-4424-49de-9ea0-525e7ec6c32a,Ramiel Capital,Trading Intern,https://jobs.ashbyhq.com/ramielcapital/8c57222a-e723-49a6-b9f1-b4628c1da76f/application?embed=true,https://web.archive.org/web/20260903203032/https://jobs.ashbyhq.com/ramielcapital/8c57222a-e723-49a6-b9f1-b4628c1da76f/application?embed=true,wayback,success,Fall 2026,,,,,,2026-09-03T20:30:57Z,,unreviewed,simplify,2026-09-03T20:01:20Z
dd63c77c-56ea-44eb-8b72-9472b02fef9e,Bank of China USA,Risk Analytics Model Intern - Credit Risk Management Department,https://careers-bocusa.icims.com/jobs/3599/job?mobile=true&needsRedirect=false,https://web.archive.org/web/20260903172547/https://careers-bocusa.icims.com/jobs/3599/job?mobile=true&needsRedirect=false,wayback,success,Fall 2026,,,,,,2026-09-03T17:26:12Z,,unreviewed,simplify,2026-09-03T17:01:04Z
13a4f2b2-c8c5-4e25-9170-1df411728796,Bank of China USA,Risk Analytics Model Intern - Credit Risk Management Department,https://careers-bocusa.icims.com/jobs/4081/job?mobile=true&needsRedirect=false,,none,failed,Fall 2026,,,,,,2026-09-03T17:28:05Z,,unreviewed,simplify,2026-09-03T17:01:04Z
bb78f0cb-d806-4ae3-8996-ed333399cb6b,American Express,Data Science Intern - Global Decision Science - Credit & Fraud Risk,https://egug.fa.us2.oraclecloud.com/hcmUI/CandidateExperience/en/sites/CX_1/job/26013265,https://web.archive.org/web/20260903170213/https://egug.fa.us2.oraclecloud.com/hcmUI/CandidateExperience/en/sites/CX_1/job/26013265,wayback,success,Summer 2027,,,,,,2026-09-03T17:02:36Z,,unreviewed,simplify,2026-09-03T16:31:20Z
249847ab-d7a0-4993-a3ae-0dd0e2e831ed,Kinaxis,Developer Intern Co-op - Machine Learning,https://careers-kinaxis.icims.com/jobs/35297/job?mobile=true&needsRedirect=false,https://web.archive.org/web/20260903160155/https://careers-kinaxis.icims.com/jobs/35297/job?mobile=true&needsRedirect=false,wayback,success,Winter 2027,,,,,,2026-09-03T16:02:21Z,,unreviewed,simplify,2026-09-03T15:31:13Z
3354c8ef-ad93-4536-af40-a7cd70a9bd65,Eulerity,Digital Marketing Intern - Technical AI & Automation,https://job-boards.greenhouse.io/eulerity/jobs/4708258006,https://web.archive.org/web/20260903133033/https://job-boards.greenhouse.io/eulerity/jobs/4708258006,wayback,success,Fall 2026,,,,,,2026-09-03T13:30:57Z,,unreviewed,simplify,2026-09-03T13:01:12Z
9dce9636-d150-41d2-a291-c8259224c6e0,Humanscale,Electrical Design Engineer Intern,https://careers-humanscale.icims.com/jobs/4395/job?mobile=true&needsRedirect=false,https://web.archive.org/web/20260903110126/https://careers-humanscale.icims.com/jobs/4395/job?mobile=true&needsRedirect=false,wayback,success,Fall 2026,,,,,,2026-09-03T11:01:53Z,,unreviewed,simplify,2026-09-03T10:31:07Z
53cee592-5a1d-4506-9ee0-b5a4fa38065d,Arena Investors I Quaestor Advisors,Investment Analyst Intern,https://apply.workable.com/arena-investors-lp/j/134D6A3454/apply,https://web.archive.org/web/20260903090147/https://apply.workable.com/arena-investors-lp/j/134D6A3454/apply,wayback,success,,,,,,,2026-09-03T09:02:10Z,,unreviewed,simplify,2026-09-03T08:31:01Z
51358acd-0c6f-4028-b648-4fa9741a9355,Garda Capital Partners,Trading Analyst Intern - Credit,https://job-boards.greenhouse.io/gardacp/jobs/6163540004,https://web.archive.org/web/20260903083123/https://job-boards.greenhouse.io/gardacp/jobs/6163540004,wayback,success,Summer 2027,,,,,,2026-09-03T08:31:56Z,,unreviewed,simplify,2026-09-03T08:01:15Z
985a4103-cb72-4623-892b-243318a9e041,Garda Capital Partners,Trading Analyst Intern - Mortgages,https://job-boards.greenhouse.io/gardacp/jobs/6179468004,,none,failed,Summer 2027,,,,,,2026-09-03T08:34:31Z,,unreviewed,simplify,2026-09-03T08:01:15Z
9c6268c8-21a5-4c50-b4cd-d027da19170d,Deutsche Bank,Quant Intern - Strategic Analytics,https://db.recsolu.com/external/requisitions/o6Cp44Ol7NVnH0MbcO81eA,https://web.archive.org/web/20260903070123/https://db.recsolu.com/external/requisitions/o6Cp44Ol7NVnH0MbcO81eA,wayback,success,Summer 2027,,,,,,2026-09-03T07:02:01Z,,unreviewed,simplify,2026-09-03T06:30:59Z
7b137e5c-ceac-4235-8509-004e8262f04c,Royal Bank of Canada,Quantitative Analyst Summer Associate - Quantitative Technology Services,https://rbc.wd3.myworkdayjobs.com/rbcglobal1/job/New-York-New-York-United-States-of-America/XMLNAME-2027-Capital-Markets--Quants-Summer-Associate--Quantitative-Technology-Services_R-0000186729,,none,failed,Summer 2027,,,,,,2026-09-03T07:03:20Z,,unreviewed,simplify,2026-09-03T06:30:59Z
e534eafc-22e9-4880-a6af-3884c72ecd2e,Deutsche Bank,Quantitative Trading Intern - Fixed Income & Currencies,https://db.recsolu.com/external/requisitions/gtKeu9-kQinTxakrqIWSRg,,none,failed,Summer 2027,,,,,,2026-09-03T07:05:21Z,,unreviewed,simplify,2026-09-03T06:30:59Z
03022162-7b39-45fa-8c12-695623ed0fbf,Revvity,Product Manager Intern - AI Finance Automation,https://revvity.wd103.myworkdayjobs.com/External/job/CAD-Remote--ON/Product-Manager-Intern---AI-Finance-Automation_JR-045345,,none,failed,Winter 2026,,,,,,2026-09-03T07:07:33Z,,unreviewed,simplify,2026-09-03T06:30:59Z
9f8e454c-ac7e-450f-9635-1cf73e0c542a,TIAA,Portfolio Analytics Intern,https://tiaa.wd1.myworkdayjobs.com/Search/job/New-York-NY-USA/Churchill-Summer-Internship--Portfolio-Analytics_R260800505-1,,none,failed,Summer 2026,,,,,,2026-09-03T07:09:14Z,,unreviewed,simplify,2026-09-03T06:30:59Z
68fd631c-5292-47c7-80c1-b9f1acb63be3,Royal Bank of Canada,Quantitative Analyst Summer Associate - Quantitative Technology Services,https://rbc.wd3.myworkdayjobs.com/RBCEARLYTALENT1/job/New-York-New-York-United-States-of-America/XMLNAME-2027-Capital-Markets--Quants-Summer-Associate--Quantitative-Technology-Services_R-0000186729-1,,none,failed,Summer 2027,,,,,,2026-09-03T06:32:22Z,,unreviewed,simplify,2026-09-03T06:01:09Z
18d75f00-9331-484a-9190-8ad5d165f054,Wonder,Supply Chain Analytics Intern,https://wonder.wd1.myworkdayjobs.com/WG/job/New-York-NY/Supply-Chain-Analytics-Intern_JR101320,https://web.archive.org/web/20260903060041/https://wonder.wd1.myworkdayjobs.com/WG/job/New-York-NY/Supply-Chain-Analytics-Intern_JR101320,wayback,success,Winter 2026,,,,,,2026-09-03T06:00:59Z,,unreviewed,simplify,2026-09-03T05:31:01Z
ea5becea-3693-41da-935d-6465ec44c576,Wonder,Growth & Marketing Analytics Intern - Growth Analytics,https://wonder.wd1.myworkdayjobs.com/WG/job/New-York-NY/Growth---Marketing-Analytics-Intern_JR101323,,none,failed,Winter 2026,,,,,,2026-09-03T06:02:42Z,,unreviewed,simplify,2026-09-03T05:31:01Z
75e8f127-6508-489a-85af-6d0bb6299903,Omnicom Group,Experience Design Engineer Intern Consultant - Design Engineering,https://interpublic.wd5.myworkdayjobs.com/omc/job/Addison-Texas-United-States-of-America/Experience-Design-Intern-Consultant--Design-Engineering-_R14053,https://web.archive.org/web/20260903040039/https://interpublic.wd5.myworkdayjobs.com/omc/job/Addison-Texas-United-States-of-America/Experience-Design-Intern-Consultant--Design-Engineering-_R14053,wayback,success,Winter 2026,,,,,,2026-09-03T04:00:59Z,,unreviewed,simplify,2026-09-03T03:31:00Z
95a7b652-afc6-4e87-b9c5-6c03ee47ff04,The Federal Reserve System,Graduate Intern - Markets Group - New York Innovation Center,https://rb.wd5.myworkdayjobs.com/en-US/FRS/job/New-York-NY/XMLNAME-2027-Summer-Intern----Markets-Group---New-York-Innovation-Center---Graduate-Intern_R-0000033034,,none,failed,Summer 2027,,,,,,2026-09-02T11:34:41Z,,unreviewed,simplify,2026-09-02T11:01:07Z
f698851c-ba0f-4e6e-86b2-a408a1ffa46a,Oppenheimer & Co. Inc.,Equities Sales & Trading Intern - Business Segments and Corporate Infrastructure,https://opco.hrmdirect.com/employment/job-opening.php?req=3799625,https://web.archive.org/web/20260902071250/https://opco.hrmdirect.com/employment/job-opening.php?req=3799625,wayback,success,Summer 2027,,,,,,2026-09-02T07:13:11Z,,unreviewed,simplify,2026-09-02T07:01:09Z
20193c4f-2bf1-4b30-a574-750d8d917d92,Fenwick & West,Forward Deployed Operations Intern,https://fenwick.wd1.myworkdayjobs.com/Fenwick_External_Careers/job/Silicon-Valley/Forward-Deployed-Operations-Intern_R2964,,none,failed,Fall 2026 | Winter 2027,,,,,,2026-09-02T07:02:19Z,,unreviewed,simplify,2026-09-02T06:31:00Z
de8f8a01-ba3c-4146-b7e2-305da7f5f144,Clearwater Analytics,Quant Developer Intern,https://clearwateranalytics.wd1.myworkdayjobs.com/Clearwater_Analytics_Careers/job/Office---New-York/Quant-Developer-Intern_R12185,,none,failed,Winter 2026,,,,,,2026-09-02T05:31:40Z,,unreviewed,simplify,2026-09-02T05:01:04Z
d13a823c-e36b-4725-887c-b596d75bfce3,Clearwater Analytics,Technical Product Management Intern,https://clearwateranalytics.wd1.myworkdayjobs.com/Clearwater_Analytics_Careers/job/Office---New-York/Technical-Product-Management-Intern_R12198,,none,failed,Winter 2026,,,,,,2026-09-02T05:34:50Z,,unreviewed,simplify,2026-09-02T05:01:04Z
cd7017b9-b8f8-4713-9df2-60a302cc4215,Clearwater Analytics,Quant Developer Intern,https://clearwateranalytics.wd1.myworkdayjobs.com/Clearwater_Analytics_Careers/job/Office---New-York/Quant-Developer-Intern_R12183,,none,failed,Winter 2026,,,,,,2026-09-02T05:35:59Z,,unreviewed,simplify,2026-09-02T05:01:04Z
ba8de7cb-406a-4e2e-b591-c99547f6f38d,Clearwater Analytics,Quant Developer Intern,https://clearwateranalytics.wd1.myworkdayjobs.com/Clearwater_Analytics_Careers/job/Office---New-York/Quant-Developer-Intern_R12184,,none,failed,Winter 2026,,,,,,2026-09-02T05:39:10Z,,unreviewed,simplify,2026-09-02T05:01:04Z
8450be07-8d66-4593-a2ad-cb5362c1af2d,Clearwater Analytics,Quant Developer Intern,https://clearwateranalytics.wd1.myworkdayjobs.com/Clearwater_Analytics_Careers/job/Office---New-York/Quant-Developer-Intern_R12182,,none,failed,Winter 2026,,,,,,2026-09-02T05:40:23Z,,unreviewed,simplify,2026-09-02T05:01:04Z
78c310c0-db61-4415-8ad0-580c7703890d,Clearwater Analytics,Technical Product Manager Intern,https://clearwateranalytics.wd1.myworkdayjobs.com/Clearwater_Analytics_Careers/job/Office---New-York/Product-Management-Intern_R12200,,,pending,Winter 2026,,,,,,,,unreviewed,simplify,2026-09-02T05:01:04Z
4f92ce17-4539-42af-9431-7eb95d57e7b3,Clearwater Analytics,Technical Product Management Intern,https://clearwateranalytics.wd1.myworkdayjobs.com/Clearwater_Analytics_Careers/job/Office---New-York/Technical-Product-Management-Intern_R12094,,,pending,Winter 2026,,,,,,,,unreviewed,simplify,2026-09-02T05:01:04Z
0da2ec91-299d-473d-a0e5-19bc4dd63286,Clearwater Analytics,Software Engineer Intern - Technical Product Management,https://clearwateranalytics.wd1.myworkdayjobs.com/Clearwater_Analytics_Careers/job/Office---New-York/Technical-Product-Management-Intern_R12058,,,pending,Winter 2026,,,,,,,,unreviewed,simplify,2026-09-02T05:01:04Z
a650b477-b0c4-4942-aa54-376017f3b6ef,Parsons,Software Developer Intern - Fall 2026/Spring 2027,https://parsons.wd5.myworkdayjobs.com/en-US/search/job/US---Remote-Any-Location/Software-Developer-Intern_R185565,,none,failed,Fall 2026 | Spring 2027,,,,,,2026-09-01T23:31:14Z,,unreviewed,simplify,2026-09-01T23:01:59Z
ca0eac8e-e88d-40b0-a5a1-1f9cdff78ba1,Valon,Software Engineer Intern,https://jobs.ashbyhq.com/Valon/b5a62c0c-823c-42dd-8cb5-e4b1455bcc64/application?embed=true,,none,failed,Winter 2026,,,,,,2026-09-01T23:32:22Z,,unreviewed,simplify,2026-09-01T23:01:59Z
7ae95eff-55e0-4665-83d8-efac629ebe48,Eulerity,Backend Developer Intern,https://job-boards.greenhouse.io/eulerity/jobs/4709040006,https://web.archive.org/web/20260901214146/https://job-boards.greenhouse.io/eulerity/jobs/4709040006,wayback,success,Summer 2027,,,,,,2026-09-01T21:42:06Z,,unreviewed,simplify,2026-09-01T21:31:02Z
79bdac78-fd53-48d8-a72e-ed29d100a963,AIG,Summer Intern - Data Office,https://aig.wd1.myworkdayjobs.com/en-US/early_careers/job/GA-Atlanta/XMLNAME-2027-Early-Careers--Summer-Intern--Data-Office---United-States--Atlanta--GA--Charlotte--NC--Parsippany--NJ--Jersey-City--NJ---New-York--NY_JR2603655,,none,failed,Summer 2027,,,,,,2026-09-01T21:01:28Z,,unreviewed,simplify,2026-09-01T20:31:06Z
621638fe-3848-49a3-bd2d-da575b3e4454,Geico,Artificial Intelligence Applied Research & Machine Learning Intern - PhD,https://geico.wd1.myworkdayjobs.com/en-US/External/job/Palo-Alto-CA/AI-Applied-Research---Machine-Learning-Internship--PhD---Summer-2026-Interns-Only-_R0065435,,none,failed,Summer 2027,,,,,,2026-09-01T20:31:20Z,2026-09-03T05:31:00Z,unreviewed,simplify,2026-09-01T20:01:26Z
1fa0cf6c-b41d-4a3e-bd89-e3efc8a41a1f,Google,Data Analytics Apprentice - February 2027 Start,https://www.google.com/about/careers/applications/jobs/results/132315893450318534,https://web.archive.org/web/20260901200041/https://www.google.com/about/careers/applications/jobs/results/132315893450318534,wayback,success,Winter 2027,,,,,,2026-09-01T20:01:02Z,,unreviewed,simplify,2026-09-01T19:31:10Z
0be0c565-a038-4aba-ab90-fe68679282f4,AIG,Summer Intern - Data Office,https://aig.wd1.myworkdayjobs.com/aig/job/GA-Atlanta/XMLNAME-2027-Early-Careers--Summer-Intern--Data-Office---United-States--Atlanta--GA--Charlotte--NC--Parsippany--NJ--Jersey-City--NJ---New-York--NY_JR2603655-1,,none,failed,Summer 2027,,,,,,2026-09-01T19:05:12Z,,unreviewed,simplify,2026-09-01T19:01:12Z
26fc2a52-b260-4601-a804-43fb299bebf2,American Express,Data Science Intern - Global Decision Science - Credit & Fraud Risk,https://egug.fa.us2.oraclecloud.com/hcmUI/CandidateExperience/en/sites/CX_1/job/26013266,,none,failed,Summer 2027,,,,,,2026-09-01T16:31:14Z,,unreviewed,simplify,2026-09-01T16:01:29Z
bfd24658-9d27-4663-b02c-2b76b6042f78,ZS,Decision Analytics Associate Intern - University Students,https://jobs.zs.com/jobs/63439?icims=1,https://web.archive.org/web/20260901143035/https://jobs.zs.com/jobs/63439?icims=1,wayback,success,Winter 2026,,,,,,2026-09-01T14:31:02Z,,unreviewed,simplify,2026-09-01T14:01:36Z
bec0bfec-8232-4a08-b412-7acf9ff7b4fc,ZS,Business Technology Solutions Intern - North America - University Students,https://jobs.zs.com/jobs/63472?icims=1,https://web.archive.org/web/20260901143106/https://jobs.zs.com/jobs/63472?icims=1,wayback,success,Winter 2026,,,,,,2026-09-01T14:32:58Z,,unreviewed,simplify,2026-09-01T14:01:36Z
c0eb39b4-91b2-4cd4-bcf0-5306f695667a,The Federal Reserve System,Graduate Intern - Markets Group,https://rb.wd5.myworkdayjobs.com/en-US/FRS/job/New-York-NY/XMLNAME-2027-Summer-Intern---Markets-Group---New-York---Graduate-Intern_R-0000033033,,none,failed,Summer 2027,,,,,,2026-09-01T14:35:29Z,,unreviewed,simplify,2026-09-01T14:01:36Z
5958fca2-2041-4f7f-bb17-89b2ed8556ae,The Federal Reserve System,Research Intern - Research Group,https://rb.wd5.myworkdayjobs.com/en-US/FRS/job/New-York-NY/XMLNAME-2027-Summer-Intern----Research-Group---Junior-Intern_R-0000033023,,none,failed,Summer 2027,,,,,,2026-09-01T10:31:21Z,,unreviewed,simplify,2026-09-01T10:01:22Z
5f2c7c6d-c1f1-4837-b1af-3ba25b7c6a00,The Federal Reserve System,Statistics Intern,https://rb.wd5.myworkdayjobs.com/en-US/FRS/job/New-York-NY/XMLNAME-2027-Summer-Intern----Statistics---Sophomore-Intern_R-0000033027,,none,failed,Summer 2027,,,,,,2026-09-01T10:33:33Z,,unreviewed,simplify,2026-09-01T10:01:22Z
7e914cf5-64bf-41bb-a680-71b7d7df80f6,Stripe,Software Engineer Intern - Summer or Winter,https://stripe.com/jobs/search?gh_jid=8128745,,none,failed,Summer 2026 | Winter 2027,,,,,,2026-09-01T10:02:11Z,,unreviewed,simplify,2026-09-01T09:30:53Z
59b37959-7280-4f60-aad9-0c9a3265acc7,WhatNot,Software Engineer Intern,https://jobs.ashbyhq.com/whatnot/928ffdca-b316-40ce-b82b-94b570919bcd/application?embed=true,,none,failed,Summer 2027,,,,,,2026-09-01T05:34:36Z,,unreviewed,simplify,2026-09-01T05:30:51Z
c9d7a6a4-c813-465b-a38f-7316e0ba7b4d,Pluralis Research,Research Scientist Intern,https://jobs.ashbyhq.com/pluralis-research/c8f78978-a693-4863-bcc0-66af5c3fd0be/application?embed=true,,none,failed,Winter 2026,,,,,,2026-09-01T05:35:39Z,,unreviewed,simplify,2026-09-01T05:30:51Z
aad0cae7-225e-41d2-b416-7d42885da521,Sierra,Software Engineer Intern,https://jobs.ashbyhq.com/Sierra/34b31b67-268c-4270-b48f-72e59064c96e/application?embed=true,https://web.archive.org/web/20260901053554/https://jobs.ashbyhq.com/Sierra/34b31b67-268c-4270-b48f-72e59064c96e/application?embed=true,wayback,success,Summer 2027,,,,,,2026-09-01T05:36:13Z,,unreviewed,simplify,2026-09-01T05:30:51Z
b18a5562-25bb-4955-af90-8975c5252b03,American Express,Data Analytics Intern - US Consumer Services,https://egug.fa.us2.oraclecloud.com/hcmUI/CandidateExperience/en/sites/CX_1/job/26011607,,none,failed,Summer 2027,,,,,,2026-09-01T05:37:51Z,,unreviewed,simplify,2026-09-01T05:30:51Z
373a5deb-bbf5-4b5d-96cc-270362d6fba5,American Express,Digital Product Management Intern - Enterprise Technology Services,https://egug.fa.us2.oraclecloud.com/hcmUI/CandidateExperience/en/sites/CX_1/job/26012057,,none,failed,Summer 2027,,,,,,2026-09-01T05:38:52Z,,unreviewed,simplify,2026-09-01T05:30:51Z
a74844d5-7c95-4e92-aea0-75ab011fb0e1,American Express,Data Analytics Intern - Enterprise Technology Services,https://egug.fa.us2.oraclecloud.com/hcmUI/CandidateExperience/en/sites/CX_1/job/26011813,,,pending,Summer 2027,,,,,,,,unreviewed,simplify,2026-09-01T05:30:51Z
ac037a9c-f763-4262-beaf-c091d10bf894,American Express,Data Science Intern - Finance,https://egug.fa.us2.oraclecloud.com/hcmUI/CandidateExperience/en/sites/CX_1/job/26013190,,,pending,Summer 2027,,,,,,,,unreviewed,simplify,2026-09-01T05:30:51Z
9331e02f-0627-4d19-a892-b69d6e3916d3,American Express,Digital Product Management Intern - Enterprise Technology Services,https://egug.fa.us2.oraclecloud.com/hcmUI/CandidateExperience/en/sites/CX_1/job/26011143,,,pending,Summer 2027,,,,,,,,unreviewed,simplify,2026-09-01T05:30:51Z
8c9a6e98-5612-418c-9824-6303cda6f199,American Express,Product Management Intern - Global Merchant & Network Services,https://egug.fa.us2.oraclecloud.com/hcmUI/CandidateExperience/en/sites/CX_1/job/26012636,,,pending,Summer 2027,,,,,,,,unreviewed,simplify,2026-09-01T05:30:51Z
56cea9ec-cce7-458e-a197-985b6435bd36,American Express,Data Analytics Intern - Enterprise Technology Services,https://egug.fa.us2.oraclecloud.com/hcmUI/CandidateExperience/en/sites/CX_1/job/26012783,,,pending,Summer 2027,,,,,,,,unreviewed,simplify,2026-09-01T05:30:51Z
c117ba86-33e1-47f4-8f2d-47273cec8534,American Express,Data Science Intern - Finance,https://egug.fa.us2.oraclecloud.com/hcmUI/CandidateExperience/en/sites/CX_1/job/26013191,,,pending,Summer 2027,,,,,,,,unreviewed,simplify,2026-09-01T05:30:51Z
0eacf8cc-6d40-4e01-8d2b-6987687bf843,American Express,Product Development Intern - 2027 Product Development - US Consumer Services,https://egug.fa.us2.oraclecloud.com/hcmUI/CandidateExperience/en/sites/CX_1/job/26011605,,,pending,Summer 2027,,,,,,,,unreviewed,simplify,2026-09-01T05:30:51Z
c7b1d381-c5d1-4080-8d2b-531342e2c8a8,Adobe,Machine Learning Engineer Intern,https://adobe.wd5.myworkdayjobs.com/external_experienced/job/San-Jose/XMLNAME-2027-Intern---Machine-Learning-Engineer_R171519,,none,failed,Summer 2027,,,,,,2026-09-01T02:32:01Z,,unreviewed,simplify,2026-09-01T02:01:08Z
956086a7-d67a-4072-93ae-47bf3687b548,Google,Software Engineer Intern - Multiple Teams,https://www.google.com/about/careers/applications/jobs/results/94172495052972742,,none,failed,Summer 2027,,,,,,2026-08-31T23:32:29Z,,unreviewed,simplify,2026-08-31T23:00:50Z
c9bf8e11-07ee-42db-b773-dd7f4ce360fc,Google,Software Engineer Intern - Multiple Teams,https://www.google.com/about/careers/applications/jobs/results/100648618540573382,,none,failed,Summer 2027,,,,,,2026-08-31T23:33:32Z,,unreviewed,simplify,2026-08-31T23:00:50Z
b376a3bd-1dcf-47ea-8417-7d3be2e79c8b,PricewaterhouseCoopers (PwC),Geographic Information Systems Intern,https://pwc.wd3.myworkdayjobs.com/en-US/US_Entry_Level_Careers/job/IL-Rosemont/Technology-Consulting---Geographic-Information-Systems-Intern---Summer-2027_757257WD,,none,failed,Summer 2027,,,,,,2026-08-31T23:34:21Z,,unreviewed,simplify,2026-08-31T23:00:50Z
86019545-ba70-4a88-8b37-e6c969f81ce0,PricewaterhouseCoopers (PwC),Contracts Intern - Deals - Summer 2027,https://pwc.wd3.myworkdayjobs.com/en-US/US_Entry_Level_Careers/job/IL-Rosemont/Deals---DTDS---Contracts-Intern---Summer-2027_757235WD,,none,failed,Summer 2027,,,,,,2026-08-31T23:35:13Z,,unreviewed,simplify,2026-08-31T23:00:50Z
4b6066cd-8c05-4586-80d1-c1500ceb094b,PricewaterhouseCoopers (PwC),Diligence Analytics Intern - Deals,https://pwc.wd3.myworkdayjobs.com/en-US/US_Entry_Level_Careers/job/IL-Rosemont/Deals---Diligence-Analytics-Intern---Summer-2027_757227WD,,none,failed,Summer 2027,,,,,,2026-08-31T23:36:06Z,,unreviewed,simplify,2026-08-31T23:00:50Z
bee35b4a-8dfd-4d26-b25f-6258446fd54f,PricewaterhouseCoopers (PwC),Digital Assurance & Transparency Intern - Multiple Teams,https://pwc.wd3.myworkdayjobs.com/en-US/US_Entry_Level_Careers/job/IL-Rosemont/Digital-Assurance---Transparency--DAT----Tech---Intern---Summer-2027_756925WD,,,pending,Summer 2027,,,,,,,,unreviewed,simplify,2026-08-31T23:00:50Z
2f2aadeb-1b18-46b7-8798-5eaf3007f689,PricewaterhouseCoopers (PwC),Connected Physical Products Intern - Summer 2027,https://pwc.wd3.myworkdayjobs.com/en-US/US_Entry_Level_Careers/job/IL-Rosemont/Connected-Physical-Products-Intern---Summer-2027_757231WD,,,pending,Summer 2027,,,,,,,,unreviewed,simplify,2026-08-31T23:00:50Z
05012f1b-58b2-4a9c-835f-a5d58cde96ca,PricewaterhouseCoopers (PwC),Deals Analytics Intern - DTDS,https://pwc.wd3.myworkdayjobs.com/en-US/US_Entry_Level_Careers/job/IL-Rosemont/Deals---DTDS---Analytics-Intern---Summer-2027_757228WD,,,pending,Summer 2027,,,,,,,,unreviewed,simplify,2026-08-31T23:00:50Z
69f7c575-654b-4e3a-a2f3-f82953d2da51,PricewaterhouseCoopers (PwC),Financial Crimes Unit Data & Analytics Tech Consulting Intern - Summer 2027,https://pwc.wd3.myworkdayjobs.com/en-US/US_Entry_Level_Careers/job/IL-Rosemont/Financial-Crimes-Unit-Data---Analytics-Tech-Consulting-Intern---Summer-2027_757242WD,,,pending,Summer 2027,,,,,,,,unreviewed,simplify,2026-08-31T23:00:50Z
3230c951-623b-444c-b001-114c9819cad7,PricewaterhouseCoopers (PwC),Market Information and Data Analytics Intern - Multiple Teams,https://pwc.wd3.myworkdayjobs.com/en-US/US_Entry_Level_Careers/job/IL-Rosemont/Market-Information-and-Data-Analytics--MIDA----Data-Quality----Intern---Summer-2027_757081WD,,,pending,Summer 2027,,,,,,,,unreviewed,simplify,2026-08-31T23:00:50Z
c2ec6a4a-824b-4ec8-886d-3d47b4993e24,PricewaterhouseCoopers (PwC),Business Analytics Intern - Mida,https://pwc.wd3.myworkdayjobs.com/en-US/US_Entry_Level_Careers/job/IL-Rosemont/Market-Information-and-Data-Analytics--MIDA----Business-Analytics----Intern---Summer-2027_757090WD,,,pending,Summer 2027,,,,,,,,unreviewed,simplify,2026-08-31T23:00:50Z
a0a64d1a-c888-4d3a-9dec-d6314036d16f,Hudson River Trading,Hardware Engineer Intern,https://www.hudsonrivertrading.com/careers/job/?gh_jid=7899574,,,pending,Summer 2027,,,,,,,,unreviewed,simplify,2026-08-31T23:00:50Z
fddd1298-503a-4d99-ae93-c080d17df82b,TD Bank,Quantitative Associate - Quantitative Rotation Program,https://td.wd3.myworkdayjobs.com/TD_Bank_Careers/job/New-York-New-York/XMLNAME-2027-Summer-Associate---Quantitative-Rotation-Program_R_1508352,,none,failed,Summer 2027,,,,,,2026-08-31T20:02:07Z,2026-09-04T05:35:32Z,unreviewed,simplify,2026-08-31T19:31:02Z
2ff6ff81-d003-4d95-bc6e-de5332c793ad,Protiviti,Technology Consulting Intern - 2027,https://roberthalf.wd1.myworkdayjobs.com/ProtivitiNA/job/NEW-YORK-CITY/New-York-Technology-Consulting-Intern---2027_JR-258932,,none,failed,Summer 2027,,,,,,2026-08-31T19:32:07Z,2026-09-05T05:18:49Z,unreviewed,simplify,2026-08-31T19:01:07Z
c213b582-3232-47e0-9de1-aec552f605c1,Centific,Technical Intern - Masters or PhD,https://centific.wd1.myworkdayjobs.com/Centific_Global/job/Remote-Work-USA/Technical-Intern--Masters-or-PhD-_JR108346-1,,none,failed,Fall 2026,,,,,,2026-08-31T19:33:08Z,,unreviewed,simplify,2026-08-31T19:01:07Z
dc5059f5-acc3-4aa6-bb67-ecd5a9e42cbe,American Express,Product Management Intern - Global Commercial Services,https://egug.fa.us2.oraclecloud.com/hcmUI/CandidateExperience/en/sites/CX_1/job/26012558,https://web.archive.org/web/20260831060036/https://egug.fa.us2.oraclecloud.com/hcmUI/CandidateExperience/en/sites/CX_1/job/26012558,wayback,success,,,,,,,2026-08-31T06:00:55Z,,unreviewed,simplify,2026-08-31T05:30:53Z
6a910274-8203-4361-9726-d22a315d1644,American Express,Product Development Intern - Global Commercial Services,https://egug.fa.us2.oraclecloud.com/hcmUI/CandidateExperience/en/sites/CX_1/job/26013091,,none,failed,,,,,,,2026-08-31T06:02:20Z,,unreviewed,simplify,2026-08-31T05:30:53Z
1795d6df-fcca-45dc-836d-41a82dc36894,Intuit,Software Engineer Intern - Full Stack,https://jobs.intuit.com/job/mountain-view/summer-2027-software-engineering-intern-full-stack/27595/99856180864,,live,success,,,,,,,2026-08-29T01:30:28Z,2026-09-01T06:03:41Z,unreviewed,simplify,2026-08-29T01:01:06Z
0cac198d-5b59-411b-8ddf-3138668da722,Clerkie,Software Engineer Intern,http://getfiber.ai/careers?gh_jid=5225258007,,live,success,,,,,,,2026-08-29T01:30:25Z,,unreviewed,simplify,2026-08-29T01:01:06Z
5fb362f5-5857-42ff-923b-348eb5582bc7,TIAA,Investment Infrastructure & Technology Intern - IIT,https://tiaa.wd1.myworkdayjobs.com/Search/job/New-York-NY-USA/Churchill-Summer-Internship--Investment-Infrastructure---Technology--IIT-_R260800515-1,,none,failed,,,,,,,2026-08-28T22:02:20Z,,unreviewed,simplify,2026-08-28T21:30:47Z
07dba309-b9d0-493d-88e2-38957e2b4a65,Blockhouse,Applied AI Engineer Intern,https://jobs.ashbyhq.com/blockhouse/2e9fbde8-709c-4c1f-b908-cd51a53c8529/application?embed=true,https://web.archive.org/web/20260828040036/https://jobs.ashbyhq.com/blockhouse/2e9fbde8-709c-4c1f-b908-cd51a53c8529/application?embed=true,wayback,success,,,,,,,2026-08-28T04:00:55Z,,unreviewed,simplify,2026-08-28T03:30:50Z
ae6480dc-19f7-41c1-93ec-fd10763825b1,Amazon,Software Development Engineer Intern - Annapurna Labs,https://amazon.jobs/en/jobs/10517567/software-development-engineer-intern-annapurna-labs-2027,,live,success,,,,,,,2026-08-27T23:00:36Z,,unreviewed,simplify,2026-08-27T22:30:50Z
cd6f32c7-2c66-4423-8ff5-b998f48126e0,AMI,Computer Vision Scientist Intern - Geometry and 3D Vision,https://jobs.ashbyhq.com/ami/0d7332d8-b8e7-40d3-89b6-dfc02b40bfa2/application?embed=true,,none,failed,,,,,,,2026-08-27T17:31:07Z,,unreviewed,simplify,2026-08-27T17:01:14Z
bec41fe0-ae4c-44d3-bddd-15ca4a245c18,Goldman Sachs,Summer Associate Intern,https://higher.gs.com/roles/171552?type=students,,live,success,,,,,,,2026-08-27T11:00:32Z,,unreviewed,simplify,2026-08-27T10:30:46Z
4b41cc6a-c7ca-4364-bf7c-41f6ca98409e,Conduent,Applied AI Engineer Intern - Government Healthcare Solutions,https://egua.fa.us2.oraclecloud.com/hcmUI/CandidateExperience/en/sites/CX_1/job/25529,,none,failed,,,,,,,2026-08-26T23:54:35Z,,unreviewed,simplify,2026-08-26T23:30:47Z
3c0eb87e-dc03-4ec2-a2f7-754825edf8ce,Realm,Software Engineer Intern,https://jobs.ashbyhq.com/realmalliance/a8a2f78e-1c28-4b52-a77a-c2b2ad9b7a8a/application?embed=true,,none,failed,,,,,,,2026-08-26T23:02:05Z,,unreviewed,simplify,2026-08-26T22:30:54Z
19732e66-5a0d-4db2-a039-33e752197e70,GlossGenius,Engineering Intern,https://job-boards.greenhouse.io/glossgenius/jobs/7978666003,,live,success,,,,,,,2026-08-26T23:02:08Z,2026-09-02T05:30:07Z,unreviewed,simplify,2026-08-26T22:30:54Z
ee03f6e5-4ee4-4045-9664-e38ffc7617bd,Ancestry,Software Engineer Co-op - Observability,https://ancestry.wd501.myworkdayjobs.com/Careers/job/Remote/Software-Engineer---Observability--Co-op_R003434,,none,failed,,,,,,,2026-08-26T22:31:48Z,,unreviewed,simplify,2026-08-26T22:01:50Z
b7962d2f-67df-4058-bbd5-91dc4be202c4,The Walt Disney Company,Insights and Analytics Intern - Spring 2027,https://disney.wd5.myworkdayjobs.com/disneycareer/job/New-York-NY-USA/ABC-News-Insights-and-Analytics-Intern--Spring-2027_10158500,,none,failed,,,,,,,2026-08-26T14:32:05Z,,unreviewed,simplify,2026-08-26T14:00:47Z
ce59423a-ece5-418f-bd39-14da130d9598,The Walt Disney Company,Insights and Analytics Intern - ABC News,https://disney.wd5.myworkdayjobs.com/disneycareerdc/job/New-York-NY-USA/ABC-News-Insights-and-Analytics-Intern--Spring-2027_10158500-1,,none,failed,,,,,,,2026-08-26T14:33:50Z,,unreviewed,simplify,2026-08-26T14:00:47Z
cca94bc1-ca14-4a30-b4a1-7484452d46f6,DV Trading,Futures & Options Trading Analyst Intern - Summer 2027,https://job-boards.greenhouse.io/dvtrading/jobs/4722749005,,live,success,,,,,,,2026-08-26T01:30:28Z,,unreviewed,simplify,2026-08-26T01:00:48Z
120b5dc5-005a-459d-848c-a05d3a0eba5e,The Browser Company,AI Prototyper Resident,https://jobs.ashbyhq.com/the%20browser%20company/abaefc4c-b229-431c-bec3-dd3e07ae0e09/application?embed=true,,none,failed,,,,,,,2026-08-26T01:32:05Z,,unreviewed,simplify,2026-08-26T01:00:48Z
a9b6e0e0-7d76-45b2-8d3b-c8a40a8342cd,Maximor AI,Software Engineer Intern,https://jobs.ashbyhq.com/maximor/3ff6e57d-5430-4836-b6f0-19044d8ee6d8/application?embed=true,,none,failed,,,,,,,2026-08-26T01:32:58Z,,unreviewed,simplify,2026-08-26T01:00:48Z
a767329d-41e2-4902-a15c-d28cb21ad5e1,The Voleon Group,Software Engineer Intern,https://jobs.ashbyhq.com/voleon/57f1b666-2f4b-4bad-aac0-fa42a1c8fdf6/application?embed=true,,none,failed,,,,,,,2026-08-25T21:52:29Z,,unreviewed,simplify,2026-08-25T21:30:48Z
8cf244f2-f67a-4786-b968-74bd6c7aec38,Xpansiv,Product Management Intern - AI Products,https://jobs.lever.co/Xpansiv%20/8a1649ec-ef5f-425d-8a36-34f28d67e8a7/apply,,live,success,,,,,,,2026-08-25T21:52:32Z,,unreviewed,simplify,2026-08-25T21:30:48Z
925fd340-08ca-444f-ab27-237fdfe56b27,InfiniteQuant,Quantitative Researcher Intern - Summer 2027,https://jobs.smartrecruiters.com/InfiniteQuant/744000145264634,,live,success,,,,,,,2026-08-25T14:35:51Z,,unreviewed,simplify,2026-08-25T14:31:07Z
e012dfd4-c33a-4639-8ea0-3e6586db2b77,TikTok,Client Solutions Intern - Global Business Solutions,https://lifeattiktok.com/search/7677467375486765317,,live,success,,,,,,,2026-08-25T00:30:29Z,,unreviewed,simplify,2026-08-25T00:00:54Z
0cdb99d3-9690-4d7a-8727-bd690d7f51ff,CLEAResult,Energy Efficiency Analyst Co-op,https://clearesult.wd1.myworkdayjobs.com/CLEAResult_External_Careers/job/Remote---Canada---BC/Energy-Efficiency-Co-op_R0018032,,none,failed,,,,,,,2026-08-24T22:51:22Z,,unreviewed,simplify,2026-08-24T22:30:39Z
bc4407ea-452d-4ef5-b173-3260a4f7db7b,Sage,Software Engineer Intern - Full Stack,https://job-boards.greenhouse.io/sage49/jobs/6131185004,,live,success,,,,,,,2026-08-24T21:22:12Z,,unreviewed,simplify,2026-08-24T21:00:50Z
0aa38a85-7be2-4d60-8ec3-0002a9643512,Sage,Software Engineer Intern - Edge - Summer 2027,https://job-boards.greenhouse.io/sage49/jobs/6131191004,,live,success,,,,,,,2026-08-24T21:22:15Z,,unreviewed,simplify,2026-08-24T21:00:50Z
65e64ece-5971-4361-ac20-e6a4be68e2c5,Motorola,Data Analyst Co-op,https://motorolasolutions.wd5.myworkdayjobs.com/Careers/job/Ontario-Remote-Work/Data-Analyst-Co-Op_R67175,,none,failed,,,,,,,2026-08-24T21:22:59Z,,unreviewed,simplify,2026-08-24T21:00:50Z
0dd2eafe-8c87-4a6f-8b2e-783fda928c8a,BNY,Trading Intern - Trading,https://eofe.fa.us2.oraclecloud.com/hcmUI/CandidateExperience/en/sites/CX_1001/job/81350,https://web.archive.org/web/20260824205605/https://eofe.fa.us2.oraclecloud.com/hcmUI/CandidateExperience/en/sites/BNY-Careers/job/81350,wayback,success,,,,,,,2026-08-24T20:56:22Z,2026-09-04T05:35:32Z,unreviewed,simplify,2026-08-24T20:31:03Z
a07da328-cad2-4ede-bbbb-87ffe48211e5,BNY,Product Management Intern - Product Management,https://eofe.fa.us2.oraclecloud.com/hcmUI/CandidateExperience/en/sites/CX_1001/job/81345,,none,failed,,,,,,,2026-08-24T20:58:02Z,,unreviewed,simplify,2026-08-24T20:31:03Z
451d266b-c459-492a-b5c3-df553f98d6d5,Audax Group,Data Engineer Co-op,https://job-boards.greenhouse.io/audaxgroup/jobs/4722770005,,live,success,,,,,,,2026-08-24T16:00:44Z,,unreviewed,simplify,2026-08-24T15:30:42Z
d55a832d-489f-468a-8688-f419fb8b1b38,InfiniteQuant,Quantitative Developer Internship - Summer 2027,https://jobs.smartrecruiters.com/InfiniteQuant/744000145263134,,live,success,,,,,,,2026-08-24T16:00:48Z,,unreviewed,simplify,2026-08-24T15:30:42Z
cd7682b8-7722-4a26-9813-42ece290a387,Google,Software Engineer Intern,https://www.google.com/about/careers/applications/jobs/results/91436104816698054,,live,success,,,,,,,2026-08-24T15:30:30Z,,unreviewed,simplify,2026-08-24T15:00:52Z
e3dc5e7f-9828-4121-8b6f-6d45091a92a4,Google,Research Intern - PhD,https://www.google.com/about/careers/applications/jobs/results/86701057991680710,,live,success,,,,,,,2026-08-24T15:30:33Z,,unreviewed,simplify,2026-08-24T15:00:52Z
bf4a4705-55c7-4d3d-8696-12a63e66879a,BNY,Data Science Intern - Engineering,https://eofe.fa.us2.oraclecloud.com/hcmUI/CandidateExperience/en/sites/CX_1001/job/81240,https://web.archive.org/web/20260824153114/https://eofe.fa.us2.oraclecloud.com/hcmUI/CandidateExperience/en/sites/BNY-Careers/job/81240,wayback,success,,,,,,,2026-08-24T15:31:34Z,,unreviewed,simplify,2026-08-24T15:00:52Z
0d138427-6921-4a12-99e2-30a0b223cef3,BNY,Software Developer Intern - Engineering,https://eofe.fa.us2.oraclecloud.com/hcmUI/CandidateExperience/en/sites/CX_1001/job/81253,,none,failed,,,,,,,2026-08-24T15:33:17Z,,unreviewed,simplify,2026-08-24T15:00:52Z
78c03ab4-f50a-445d-9802-fb785330b50f,Mastercard,Software Engineer Intern,https://mastercard.wd1.myworkdayjobs.com/Campus/job/OFallon-Missouri/Software-Engineer-Intern--Summer-2027---United-States_R-287618-1,,none,failed,,,,,,,2026-08-24T14:34:06Z,2026-09-01T06:03:41Z,unreviewed,simplify,2026-08-24T14:30:46Z
fe6e435e-7b34-41cb-b526-98f990b943ad,Mercor,Research Fellowship - Apex,https://jobs.ashbyhq.com/mercor/a0a98be0-d856-4129-b500-c0a3e412ef01/application?embed=true,https://web.archive.org/web/20260822031241/https://jobs.ashbyhq.com/mercor/a0a98be0-d856-4129-b500-c0a3e412ef01/application?embed=true,wayback,success,,,,,,,2026-08-22T03:13:00Z,,unreviewed,simplify,2026-08-22T03:00:45Z
45b27f18-198a-4ef0-b8f3-abb8018e7c99,Ambrook,Software Engineer Intern,https://jobs.ashbyhq.com/ambrook/e458b046-aa7f-4022-bca5-63cdfd495456/application?embed=true,https://web.archive.org/web/20260821234523/https://jobs.ashbyhq.com/ambrook/e458b046-aa7f-4022-bca5-63cdfd495456/application?embed=true,wayback,success,,,,,,,2026-08-21T23:45:43Z,,unreviewed,simplify,2026-08-21T23:30:47Z
b364c68b-8fda-447b-b50d-dfa7fcd4039f,Availity,Software Engineer Intern - Multiple Teams,https://availity.wd1.myworkdayjobs.com/availity_careers_us/job/Remote---United-States/Software-Engineering-Intern_R0008436,,none,failed,,,,,,,2026-08-21T23:47:08Z,,unreviewed,simplify,2026-08-21T23:30:47Z
631bbbfe-8d2d-4b49-8e16-c60d7eebde34,Syska Hennessy Group,Innovations Intern - Full Stack/Front End Engineering,https://job-boards.greenhouse.io/syskahennessy/jobs/8147733,,live,success,,,,,,,2026-08-21T20:30:29Z,,unreviewed,simplify,2026-08-21T20:00:43Z
7833a92d-102e-4ca4-9a8b-c14f36398bc0,JP Morgan Chase,Analytics Solutions Associate - Consumer and Community Banking - Focused Analytics Solutions Team,https://jpmc.fa.oraclecloud.com/hcmUI/CandidateExperience/en/sites/CX_1001/job/210774454,https://web.archive.org/web/20260821182429/https://jpmc.fa.oraclecloud.com/hcmUI/CandidateExperience/en/sites/CX_1001/job/210774454,wayback,success,,,,,,,2026-08-21T18:24:56Z,,unreviewed,simplify,2026-08-21T18:00:44Z
e557afc8-009d-464e-a765-a92b4a72e18a,Blackstone,Data Science Summer Analyst,https://blackstone.wd1.myworkdayjobs.com/zh-CN/Blackstone_Campus_Careers/job/New-York/XMLNAME-2027-Data-Science-Summer-Analyst_44862,,none,failed,,,,,,,2026-08-21T18:26:37Z,,unreviewed,simplify,2026-08-21T18:00:44Z
440a78fd-1099-4f5d-9384-4cda25b60ab3,Crowe,AI Functional Intern,https://crowe.wd12.myworkdayjobs.com/en-US/external_careers/job/Chicago-IL-USA/AI-Functional-Intern---WINTER-2027_R-71015,https://web.archive.org/web/20260821103029/https://crowe.wd12.myworkdayjobs.com/en-US/external_careers/job/Chicago-IL-USA/AI-Functional-Intern---WINTER-2027_R-71015,wayback,success,,,,,,,2026-08-21T10:31:08Z,,unreviewed,simplify,2026-08-21T10:00:50Z
52a1bad8-5a44-4bf7-a4ef-fe2683e423b5,Phoebe,Software Engineer Intern,https://jobs.ashbyhq.com/phoebe-work/1ffe3e63-2163-447e-a8b0-1fff8b87e0ca/application?embed=true,,none,failed,,,,,,,2026-08-21T02:01:09Z,,unreviewed,simplify,2026-08-21T01:31:05Z
0cc71c0c-aed8-49d9-a23c-45e22cc9e8ad,Geico,Technology Development Program Intern - AI Engineer Development Track,https://geico.wd1.myworkdayjobs.com/en-US/External/job/Palo-Alto-CA/Technology-Development-Program---AI-Engineer-Development-Track_R0065372,,none,failed,,,,,,,2026-08-20T22:52:30Z,,unreviewed,simplify,2026-08-20T22:30:56Z
de048c9f-8cf0-45fe-b307-40b9a04a9416,Goldman Sachs,Summer Analyst Intern - Americas - AWM Product Management,https://higher.gs.com/roles/182389?type=students,,live,success,,,,,,,2026-08-20T15:00:32Z,2026-09-01T06:03:41Z,unreviewed,simplify,2026-08-20T14:30:51Z
08532603-7472-48a9-a825-fef3a7108472,Boston Consulting Group,Forward Deployed AI Scientist,https://careers.bcg.com/global/en/job/59068,,live,success,,,,,,,2026-08-20T09:04:48Z,,unreviewed,simplify,2026-08-20T09:00:47Z
f6f17706-f32e-4624-8175-889945a160e5,Boston Consulting Group,Forward Deployed AI Engineer - Campus,https://careers.bcg.com/global/en/job/59067,,live,success,,,,,,,2026-08-20T01:30:36Z,,unreviewed,simplify,2026-08-20T01:00:46Z
a8814763-abf2-4ca5-ad40-518545962599,Centific,Technical Intern,https://centific.wd1.myworkdayjobs.com/Centific_Global/job/Remote-Work-USA/Technical-Intern--Masters-or-PhD-_JR108144-1,https://web.archive.org/web/20260819231540/https://centific.wd1.myworkdayjobs.com/Centific_Global/job/Remote-Work-USA/Technical-Intern--Masters-or-PhD-_JR108144-1,wayback,success,,,,,,,2026-08-19T23:15:58Z,,unreviewed,simplify,2026-08-19T23:00:47Z
1e070356-7637-458b-b016-143243ecf95e,Verition Fund Management,Technology Intern,https://www.verition.com/open-positions?gh_jid=5214784007,,live,success,,,,,,,2026-08-19T23:16:10Z,2026-09-04T05:35:32Z,unreviewed,simplify,2026-08-19T23:00:47Z
7c6161a2-8ffc-443d-96ee-276bd5edf320,Citadel Securities,Fundamental Analyst Intern,https://www.citadelsecurities.com/careers/details/trading-fundamental-analyst-intern-us/,,none,failed,,,,,,,2026-08-19T22:49:44Z,,unreviewed,simplify,2026-08-19T22:30:43Z
5646d793-dc8c-4ff6-82d3-e8d00aa58389,Willkie Farr & Gallagher,Financial Data Analyst Intern,https://uscareers-willkie.icims.com/jobs/2194/job?mobile=true&needsRedirect=false,,live,success,,,,,,,2026-08-19T21:17:38Z,,unreviewed,simplify,2026-08-19T21:00:53Z
480a3ec4-1b4b-4ee7-9901-ed9ea485c1c5,InfiniteQuant,Quantitative Developer Internship - Summer 2027,https://jobs.smartrecruiters.com/InfiniteQuant/744000144281579,,live,success,,,,,,,2026-08-19T14:04:19Z,,unreviewed,simplify,2026-08-19T14:00:52Z
1005bf9b-20cc-4e7e-a770-9c2ce6ed1a37,Normal Computing,Thermodynamic Hardware Resident,https://jobs.ashbyhq.com/normalcomputing/5d57d8b1-612d-4ee0-941e-78a032a1ada2/application?embed=true,https://web.archive.org/web/20260819084234/https://jobs.ashbyhq.com/normalcomputing/5d57d8b1-612d-4ee0-941e-78a032a1ada2/application?embed=true,wayback,success,,,,,,,2026-08-19T08:42:51Z,,unreviewed,simplify,2026-08-19T08:30:42Z
9cc1f56c-0976-4b70-858c-3ca47bbd6331,Intuit,Software Engineer Intern,https://jobs.intuit.com/job/new-york/intern-software-engineering/27595/99410270400,,live,success,,,,,,,2026-08-18T23:43:52Z,,unreviewed,simplify,2026-08-18T23:30:47Z
641bea35-1071-4095-99a9-1f68a28662c8,Snorkel AI,AI Researcher Intern,https://job-boards.greenhouse.io/snorkelai/jobs/6146378004,,live,success,,,,,,,2026-08-18T23:14:23Z,,unreviewed,simplify,2026-08-18T23:00:45Z
d935bae6-e667-4bd1-b10d-4431b5555110,Garda Capital Partners,Software Engineer Intern,https://job-boards.greenhouse.io/gardacp/jobs/6146213004,,live,success,,,,,,,2026-08-18T23:14:27Z,,unreviewed,simplify,2026-08-18T23:00:45Z
d3edd2a3-5270-4a02-9f8f-830ec508bcc6,American Express,Product Development Intern - Global Servicing,https://egug.fa.us2.oraclecloud.com/hcmUI/CandidateExperience/en/sites/CX_1/job/26012749,https://web.archive.org/web/20260818231435/https://egug.fa.us2.oraclecloud.com/hcmUI/CandidateExperience/en/sites/CX_1/job/26012749,wayback,success,,,,,,,2026-08-18T23:14:56Z,,unreviewed,simplify,2026-08-18T23:00:45Z
54a129c8-53ec-4e38-b878-daaaa309f3f7,American Express,Data Analytics Intern - Global Servicing - Financial Crimes Risk & Controls,https://egug.fa.us2.oraclecloud.com/hcmUI/CandidateExperience/en/sites/CX_1/job/26012627,,none,failed,,,,,,,2026-08-18T23:17:51Z,,unreviewed,simplify,2026-08-18T23:00:45Z
51a49e4a-6863-481c-807d-570b0a1db7fa,Five Rings Capital,Software Development Intensive Program - LINK,https://job-boards.greenhouse.io/fiveringsllc/jobs/5394515008,,live,success,,,,,,,2026-08-18T23:17:54Z,,unreviewed,simplify,2026-08-18T23:00:45Z
819a618c-f50c-4aba-b50c-734b31c1b274,Praytell,Analytics & Reporting Intern,https://apply.workable.com/praytell/j/64893520AF/apply,https://web.archive.org/web/20260818070029/https://apply.workable.com/praytell/j/64893520AF/apply,wayback,success,,,,,,,2026-08-18T07:00:48Z,,unreviewed,simplify,2026-08-18T06:30:41Z
149cce4b-7421-4fc6-8841-bd40fabd4c41,Zoomifier,Software Development Intern,https://jobs.smartrecruiters.com/CustomShow/75886593,,live,success,,,,,,,2026-08-18T02:00:34Z,,unreviewed,simplify,2026-08-18T01:30:42Z
72d3b16a-abca-4801-ba46-ede79443dc62,Deutsche Bank,"Technology, Data and Innovation Intern - Technology, Data and Innovation",https://db.recsolu.com/external/requisitions/utrM7YhSIN2pudx_g6Rh2w,https://web.archive.org/web/20260817231457/https://db.recsolu.com/external/requisitions/utrM7YhSIN2pudx_g6Rh2w,wayback,success,,,,,,,2026-08-17T23:15:28Z,,unreviewed,simplify,2026-08-17T23:00:41Z
68016175-f4c9-47e9-bcd4-d43fd815a73f,Centific,Technical Intern - Masters or PhD,https://centific.wd1.myworkdayjobs.com/Centific_Global/job/Remote-Work-USA/Technical-Intern--Masters-or-PhD-_JR108085-1,https://web.archive.org/web/20260817231532/https://centific.wd1.myworkdayjobs.com/Centific_Global/job/Remote-Work-USA/Technical-Intern--Masters-or-PhD-_JR108085-1,wayback,success,,,,,,,2026-08-17T23:17:48Z,,unreviewed,simplify,2026-08-17T23:00:41Z
60c7c83c-4da3-419f-b94d-37706d65f534,Point72,Quantitative Developer Intern,https://boards.greenhouse.io/point72/jobs/8721562002,,live,success,,,,,,,2026-08-17T23:17:51Z,,unreviewed,simplify,2026-08-17T23:00:41Z
b5a51123-5f95-4578-b058-795e2b7e4ecb,DV Trading,Trading Intern - Summer 2027 - DV Commodities,https://job-boards.greenhouse.io/dvtrading/jobs/4719134005,,live,success,,,,,,,2026-08-17T23:17:55Z,2026-09-04T05:35:32Z,unreviewed,simplify,2026-08-17T23:00:41Z
baf0289f-d552-40cc-956a-c2184364f85a,Xantium,Quantitative Developer Intern,https://job-boards.greenhouse.io/xantium/jobs/4360768009,,live,success,,,,,,,2026-08-17T22:47:17Z,,unreviewed,simplify,2026-08-17T22:30:40Z
85ec31e6-4d3a-497b-b455-039741edf4df,Xantium,Quantitative Researcher Intern,https://job-boards.greenhouse.io/xantium/jobs/4371217009,,live,success,,,,,,,2026-08-17T22:47:21Z,,unreviewed,simplify,2026-08-17T22:30:40Z
35fb935f-b0e2-45fc-b47d-30f441bc8d56,American Express,AI Engineer Intern - Enterprise Technology Services,https://egug.fa.us2.oraclecloud.com/hcmUI/CandidateExperience/en/sites/CX_1/job/26011698,https://web.archive.org/web/20260817224727/https://egug.fa.us2.oraclecloud.com/hcmUI/CandidateExperience/en/sites/CX_1/job/26011698,wayback,success,,,,,,,2026-08-17T22:47:54Z,,unreviewed,simplify,2026-08-17T22:30:40Z
6c81f43a-0537-494d-a776-dd4ac38accbf,American Express,AI Engineer Intern - Enterprise Technology Services,https://egug.fa.us2.oraclecloud.com/hcmUI/CandidateExperience/en/sites/CX_1/job/26011991,https://web.archive.org/web/20260817224759/https://egug.fa.us2.oraclecloud.com/hcmUI/CandidateExperience/en/sites/CX_1/job/26011991,wayback,success,,,,,,,2026-08-17T22:50:12Z,,unreviewed,simplify,2026-08-17T22:30:40Z
057837b7-3fc8-4359-a8b2-1a63802d4a6e,American Express,Software Engineer Intern - Technology,https://egug.fa.us2.oraclecloud.com/hcmUI/CandidateExperience/en/sites/CX_1/job/26010970,https://web.archive.org/web/20260817225201/https://egug.fa.us2.oraclecloud.com/hcmUI/CandidateExperience/en/sites/CX_1/job/26010970,wayback,success,,,,,,,2026-08-17T22:52:30Z,,unreviewed,simplify,2026-08-17T22:30:40Z
31355168-e211-42dc-a7b5-c84567c929cc,Datadog,Product Management Intern,https://careers.datadoghq.com/detail/8108241/?gh_jid=8108241,,live,success,,,,,,,2026-08-17T15:47:25Z,,unreviewed,simplify,2026-08-17T15:01:10Z
47fe2157-ddd3-4233-87d7-cf96058a286d,Datadog,Software Engineer Intern - Observability and Security Platform,https://careers.datadoghq.com/detail/8052095/?gh_jid=8052095,,live,success,,,,,,,2026-08-17T15:47:28Z,,unreviewed,simplify,2026-08-17T15:01:10Z
c344d643-aa8d-4d64-a497-67a78ca63dc9,American Express,Software Engineer Intern - Enterprise Technology Services,https://egug.fa.us2.oraclecloud.com/hcmUI/CandidateExperience/en/sites/CX_1/job/26011082,,none,failed,,,,,,,2026-08-17T14:33:08Z,,unreviewed,simplify,2026-08-17T14:00:56Z
3a2e2c86-3612-46c8-891d-50a65e292f46,Photon,Software Engineering Intern - AI,https://fa-ertb-saasfaprod1.fa.ocs.oraclecloud.com/hcmUI/CandidateExperience/en/sites/CX_2/job/26738,,none,failed,,,,,,,2026-08-16T02:02:36Z,,unreviewed,simplify,2026-08-16T01:30:40Z
443c0a68-63ca-4026-94b7-cf3e555f2d0f,Goldman Sachs,Quantitative Strategist Associate Intern - The Core Quantitative Strats,https://higher.gs.com/roles/171535?type=students,,live,success,,,,,,,2026-08-15T15:42:26Z,2026-09-01T06:03:41Z,unreviewed,simplify,2026-08-15T15:30:38Z
439c65c1-64f2-461c-8ca1-ca36969ef10a,Goldman Sachs,Quantitative Strategist Intern - Multiple Teams,https://higher.gs.com/roles/171563?type=students,,live,success,,,,,,,2026-08-15T15:42:34Z,2026-09-01T06:03:41Z,unreviewed,simplify,2026-08-15T15:30:38Z
7b78baf6-f74f-4d7b-924f-a68d5e0e0dbf,Abridge,Software Engineer Intern,https://jobs.ashbyhq.com/abridge/3f07a457-dc14-4238-bf4e-5c33b5c1f883/application?embed=true,,none,failed,,,,,,,2026-08-15T05:18:15Z,,unreviewed,simplify,2026-08-15T05:00:38Z
629fac72-4880-42e9-b648-cdfa036a00ac,Goldman Sachs,Summer Associate Intern - Multiple Teams,https://higher.gs.com/roles/171566?type=students,,live,success,,,,,,,2026-08-15T05:18:19Z,,unreviewed,simplify,2026-08-15T05:00:38Z
a4823558-f23b-4556-adac-d9b6d5e3f8cf,Vendelux,Data Intern,https://jobs.ashbyhq.com/vendelux/ec44a794-9622-444e-a789-491fa12726dd/application?embed=true,,none,failed,,,,,,,2026-08-15T01:31:03Z,,unreviewed,simplify,2026-08-15T01:00:41Z
c61b3999-cfc9-4184-8e3e-3a21a00ebcef,Notion,Software Engineer Intern - Winter 2027,https://jobs.ashbyhq.com/notion/e66c6658-9e65-4c58-8db2-844628b6e8f8/application?embed=true,,none,failed,,,,,,,2026-08-15T01:32:14Z,,unreviewed,simplify,2026-08-15T01:00:41Z
14e51d14-067b-43b8-80cf-dcf3c6893565,Notion,Software Engineer Intern - Summer 2027,https://jobs.ashbyhq.com/notion/3fba1c39-c5cb-47d7-9ad2-1cec4d7e9d0c/application?embed=true,,none,failed,,,,,,,2026-08-15T01:33:28Z,,unreviewed,simplify,2026-08-15T01:00:41Z
7d3756e8-9e17-44bb-b29f-751947fabf50,Interdigital,Wireless Engineering Intern - 6G Wireless Systems,https://interdigital.wd5.myworkdayjobs.com/InterDigital_Career/job/Conshohocken-PA/PhD-Intern--6G-Wireless-Systems---Sept-2026_REQ26-1135-1,,none,failed,,,,,,,2026-08-15T01:35:29Z,,unreviewed,simplify,2026-08-15T01:00:41Z
c2308ec8-a80e-4bb3-ae50-a835b8c50958,Interdigital,Wireless Engineering Intern - 6G Wireless Systems,https://interdigital.wd5.myworkdayjobs.com/InterDigital_Intern/job/Conshohocken-PA/PhD-Intern--6G-Wireless-Systems---Sept-2026_REQ26-1135,,none,failed,,,,,,,2026-08-15T01:36:19Z,,unreviewed,simplify,2026-08-15T01:00:41Z
d02658b8-38cb-4fc7-9841-62916abfefc2,Crowe,Machine Learning Intern,https://crowe.wd12.myworkdayjobs.com/en-US/external_careers/job/Chicago-IL-USA/Machine-Learning-Intern_R-71013,,,pending,,,,,,,,,unreviewed,simplify,2026-08-15T01:00:41Z
9c648fd4-14e8-4044-af8a-cf68219f8195,Crowe,Machine Learning Intern,https://crowe.wd12.myworkdayjobs.com/en-US/external_careers/job/Chicago-IL-USA/Machine-Learning-Intern_R-71005,,,pending,,,,,,,,,unreviewed,simplify,2026-08-15T01:00:41Z
3bbe3661-8a0b-43c9-a4f7-5c1b984cc3f9,Analytical Mechanics Associates,Computer Science/Engineering Intern - Computer Vision Applications,https://amainc.wd12.myworkdayjobs.com/ama_careers/job/Hampton-VA/Computer-Science-Engineering-Intern---Computer-Vision-Applications_R-100731,,none,failed,,,,,,,2026-08-14T22:48:31Z,,unreviewed,simplify,2026-08-14T22:30:39Z
9dceacf0-6d35-489a-95b3-0b2244d0c8d2,Bank of China USA,Data Analytics Audit Intern,https://careers-bocusa.icims.com/jobs/4114/job?mobile=true&needsRedirect=false,,live,success,,,,,,,2026-08-14T05:00:34Z,,unreviewed,simplify,2026-08-14T04:30:39Z
fd2f0640-b221-4c71-bf6f-c57f8f5bc712,Bank of China USA,Enterprise Risk Management Risk Data Aggregation Intern,https://careers-bocusa.icims.com/jobs/4326/job?mobile=true&needsRedirect=false,,live,success,,,,,,,2026-08-14T05:00:37Z,,unreviewed,simplify,2026-08-14T04:30:39Z
67073e06-6a56-423e-8829-d36ad479d2fe,Bank of China USA,Risk Data Aggregation Intern - Enterprise Risk Management Department,https://careers-bocusa.icims.com/jobs/4470/job?mobile=true&needsRedirect=false,,live,success,,,,,,,2026-08-14T05:00:41Z,,unreviewed,simplify,2026-08-14T04:30:39Z
9bd5bf91-17e4-4d57-9268-dd61b4b3cdf4,InfiniteQuant,Quantitative Researcher Intern - Summer 2027,https://jobs.smartrecruiters.com/InfiniteQuant/744000143307421,,live,success,,,,,,,2026-08-13T15:00:34Z,,unreviewed,simplify,2026-08-13T14:31:00Z
d15c2dd4-7288-4110-bf59-550c753167ab,InfiniteQuant,Quantitative Developer Intern - Summer 2027,https://jobs.smartrecruiters.com/InfiniteQuant/744000143287594,,live,success,,,,,,,2026-08-13T15:00:38Z,,unreviewed,simplify,2026-08-13T14:31:00Z
39d0143c-975e-465c-812c-8fe6e6401523,Dick's Sporting Goods,Data Engineer Co-op,https://dickssportinggoods.wd1.myworkdayjobs.com/en-US/DSG/job/06083-GameChanger/Data-Engineering-Co-Op_202630722,https://web.archive.org/web/20260813020035/https://dickssportinggoods.wd1.myworkdayjobs.com/en-US/DSG/job/06083-GameChanger/Data-Engineering-Co-Op_202630722,wayback,success,,,,,,,2026-08-13T02:00:58Z,,unreviewed,simplify,2026-08-13T01:31:08Z
cc0575ec-4150-4e85-9ce6-7b15f68f2b7c,Business Insider,Data Graphics Fellow - August 2026,https://www.businessinsider.com/work-at-business-insider?gh_jid=5837048004,,live,success,,,,,,,2026-08-12T22:31:51Z,,unreviewed,simplify,2026-08-12T22:30:40Z
094fc400-8cf1-4839-8605-e5f144700551,Cotiviti,Agentic AI Research Intern,https://careers-cotiviti.icims.com/jobs/19480/job?mobile=true&needsRedirect=false,,live,success,,,,,,,2026-08-12T22:31:55Z,,unreviewed,simplify,2026-08-12T22:30:40Z
26469c50-c009-48da-9415-b146a1d441df,Assured Guaranty,Product Software Developer Intern,https://boards.greenhouse.io/assuredguaranty/jobs/8700953002,,live,success,,,,,,,2026-08-12T20:34:40Z,,unreviewed,simplify,2026-08-12T20:30:41Z
06b0612c-a611-422f-8305-6138964b2e4b,Ancestry,Machine Learning Engineer Co-op,https://ancestry.wd501.myworkdayjobs.com/Careers/job/Remote/Machine-Learning-Engineer--Co-op_R003377,https://web.archive.org/web/20260812020033/https://ancestry.wd501.myworkdayjobs.com/Careers/job/Remote/Machine-Learning-Engineer--Co-op_R003377,wayback,success,,,,,,,2026-08-12T02:00:56Z,,unreviewed,simplify,2026-08-12T01:30:40Z
072dbf25-7509-499b-9478-b00e9e52963d,Metropolitan Transportation Authority,Data Analyst Intern,https://jobs.jobvite.com/metropolitantransportationauthority/job/oecDAfwn?nl=1&nl=1&fr=false,,live,success,,,,,,,2026-08-11T23:30:27Z,,unreviewed,simplify,2026-08-11T23:00:42Z
ef507edc-8e28-42bb-8700-a616adc2d5cb,Cambium Learning Group,Machine Learning Intern,https://cambiumlearning.wd1.myworkdayjobs.com/camb/job/Remote/Machine-Learning-Intern_REQ-4561,,none,failed,,,,,,,2026-08-11T22:34:02Z,,unreviewed,simplify,2026-08-11T22:30:40Z
c0bc8e2c-204a-461b-bd1b-7d720fbcbd77,Quantbot Technologies,Quantitative Developer Intern,https://www.quantbot.com/careers/4341038009?gh_jid=4341038009,,live,success,,,,,,,2026-08-11T17:51:12Z,,unreviewed,simplify,2026-08-11T17:30:42Z
446f16de-a70b-4c44-b1e7-7bd48429a95f,Quantbot Technologies,Software Engineer Intern,https://www.quantbot.com/careers/4299458009?gh_jid=4299458009,,live,success,,,,,,,2026-08-11T17:51:16Z,,unreviewed,simplify,2026-08-11T17:30:42Z
d7cb67a6-930f-4fc0-a3b7-3f7d47bcdb31,Quantbot Technologies,Machine Learning Research Engineer Intern,https://www.quantbot.com/careers/4340833009?gh_jid=4340833009,,live,success,,,,,,,2026-08-11T17:51:20Z,,unreviewed,simplify,2026-08-11T17:30:42Z
20ba2faa-8c06-4328-b38a-a1ff32e5b009,Quantbot Technologies,Quantitative Researcher Intern,https://www.quantbot.com/careers/4299496009?gh_jid=4299496009,,live,success,,,,,,,2026-08-11T17:51:24Z,,unreviewed,simplify,2026-08-11T17:30:42Z
d6fad79e-96ae-48cc-b352-313e695d5e0f,Quantbot Technologies,Data Trading Analyst Intern,https://www.quantbot.com/careers/4299767009?gh_jid=4299767009,,live,success,,,,,,,2026-08-11T17:51:28Z,,unreviewed,simplify,2026-08-11T17:30:42Z
d4bd04b2-b4a7-41b4-ab15-339b8e50f45e,RTX,Enterprise Extended Reality Intern,https://globalhr.wd5.myworkdayjobs.com/fr-CA/Private_Posting_No_TMP/job/US-NY-REMOTE/Enterprise-Extended-Reality--XR--Intern--Summer-2027---Remote-_01865894,,,pending,,,,,,,,,unreviewed,simplify,2026-08-11T17:30:42Z
ea64c40c-c89c-49ac-b395-a3c66a568e0f,Royal Bank of Canada,Quantitative Analyst Associate - Quantitative Technology Services,https://rbc.wd3.myworkdayjobs.com/ExternalPrivatePostingStudents/job/New-York-New-York-United-States-of-America/XMLNAME-2027-Capital-Markets--Quants-Summer-Associate--Quantitative-Technology-Services_R-0000183827,,,pending,,,,,,,,,unreviewed,simplify,2026-08-11T17:30:42Z
74882eb7-2f7f-4a33-9ecc-7ad6865fdbd5,Truist Bank,"Analyst Intern - Equity Research - Sales, Trading & Research",https://truist.wd1.myworkdayjobs.com/en-US/Careers/job/Atlanta-GA/XMLNAME-2027-Truist-Securities---Equity-Research--Sales--Trading---Research----Analyst-Program--INTERN-CONVERSION-_R0117762-1,https://web.archive.org/web/20260811065222/https://truist.wd1.myworkdayjobs.com/en-US/Careers/job/Atlanta-GA/XMLNAME-2027-Truist-Securities---Equity-Research--Sales--Trading---Research----Analyst-Program--INTERN-CONVERSION-_R0117762-1,wayback,success,,,,,,,2026-08-11T06:52:46Z,,unreviewed,simplify,2026-08-11T06:30:50Z
a73a78fc-c2c9-4dac-84b6-3d7d8f0702c5,Truist Bank,"Fixed Income Loans S&T Intern - Sales, Trading & Research - Analyst Program",https://truist.wd1.myworkdayjobs.com/en-US/Careers/job/New-York-NY/XMLNAME-2027-Truist-Securities---Fixed-Income-Loans-S-T--Sales--Trading---Research----Analyst-Program--INTERN-CONVERSION-_R0117765-1,,none,failed,,,,,,,2026-08-11T06:54:11Z,,unreviewed,simplify,2026-08-11T06:30:50Z
5862704c-af4b-420f-9538-a27f52a6dc49,Truist Bank,Analyst Intern Conversion - Multiple Teams,https://truist.wd1.myworkdayjobs.com/en-US/Careers/job/New-York-NY/XMLNAME-2027-Truist-Securities---Equity-S-T--Sales--Trading---Research----Analyst-Program--INTERN-CONVERSION-_R0117763-1,,none,failed,,,,,,,2026-08-11T06:55:17Z,,unreviewed,simplify,2026-08-11T06:30:50Z
f845f125-fa49-4e15-a653-128534761cd4,DV Trading,Software Engineer Intern,https://job-boards.greenhouse.io/dvtrading/jobs/4719119005,,live,success,,,,,,,2026-08-11T02:30:30Z,,unreviewed,simplify,2026-08-11T02:00:38Z
36e8bcb9-72d6-4a77-9c62-1a92759cce36,Thingtrax,Vision AI Intern - Vision AI,https://apply.workable.com/thingtrax/j/5D09B73294/apply,,none,failed,,,,,,,2026-08-11T02:31:55Z,,unreviewed,simplify,2026-08-11T02:00:38Z
de926b0a-99e7-4dbd-94cd-334ec565be9f,Citadel,Sector Data Scientist Intern,https://www.citadel.com/careers/details/sector-data-scientist-2027-intern-us/,,none,failed,,,,,,,2026-08-10T23:05:15Z,,unreviewed,simplify,2026-08-10T23:00:40Z
10e605f7-ddf1-4da3-81d0-198db01cd0b8,Figma,Software Engineer Intern - Winter 2027,https://boards.greenhouse.io/figma/jobs/6131089004,,live,success,,,,,,,2026-08-10T23:05:36Z,,unreviewed,simplify,2026-08-10T23:00:40Z
3ad0c282-1052-46d1-8033-6d723edf25a5,Atoms,Machine Learning PhD Software Engineer Intern,https://job-boards.greenhouse.io/cssmerge/jobs/8693034002,,live,success,,,,,,,2026-08-10T23:00:32Z,,unreviewed,simplify,2026-08-10T22:30:41Z
0d836d0f-86b0-426e-9d8a-55a68f233a3c,ING,Technology Intern - Innovation,https://ing.wd3.myworkdayjobs.com/icsgblcor/job/New-York/Summer-2027-Internship---Tech--Innovation-_REQ-10119619,,none,failed,,,,,,,2026-08-10T20:01:32Z,,unreviewed,simplify,2026-08-10T19:30:44Z
cf9613df-d8e3-4474-87fd-386eaa1816e8,CLEAResult,Energy Efficiency Analyst Co-op,https://clearesult.wd1.myworkdayjobs.com/CLEAResult_External_Careers/job/Remote---Canada---BC/Energy-Efficiency-Co-op_R0017820,,none,failed,,,,,,,2026-08-10T20:04:27Z,,unreviewed,simplify,2026-08-10T19:30:44Z
9ac6ae38-9b5a-4373-934b-b04f5fbdc09c,InfiniteQuant,Quantitative Researcher Intern - Summer 2027,https://jobs.smartrecruiters.com/InfiniteQuant/744000142560129,,live,success,,,,,,,2026-08-10T06:48:52Z,,unreviewed,simplify,2026-08-10T06:30:38Z
ccc26e13-7964-413d-8db2-404361781e7a,Eko Health,Clinical Product Strategy Intern - Clinical Technology,https://jobs.lever.co/ekohealth/ff0ee63d-4733-4c97-b3c5-0a6f1e303f1d/apply,,live,success,,,,,,,2026-08-08T13:30:25Z,,unreviewed,simplify,2026-08-08T13:00:41Z
7ededa5d-af4b-4f9d-80ae-9e03985190e9,ProNexus,Software Engineer Intern,https://apply.workable.com/pronexus-1/j/AF8C34AC6D/apply,https://web.archive.org/web/20260808020034/https://apply.workable.com/pronexus-1/j/AF8C34AC6D/apply,wayback,success,,,,,,,2026-08-08T02:00:53Z,,unreviewed,simplify,2026-08-08T01:30:37Z
ab59c6f6-ec45-4285-aebc-93331fbe2b8f,WallStreetQuants,Quantitative Researcher Intern,https://apply.workable.com/wallstreetquants/j/494E392FD3/apply,https://web.archive.org/web/20260808020056/https://apply.workable.com/wallstreetquants/j/494E392FD3/apply,wayback,success,,,,,,,2026-08-08T02:03:06Z,,unreviewed,simplify,2026-08-08T01:30:37Z
01ba76c4-8637-49c3-a04f-324409838c74,Trillium,Software Engineer Intern - Summer 2027,https://www.trlm.com/apply/5207089007?gh_jid=5207089007,,live,success,,,,,,,2026-08-07T23:03:24Z,,unreviewed,simplify,2026-08-07T23:00:51Z
2751af83-9f4f-48b8-8aba-6f534e9681e7,Atoms,Software Engineer Intern - Summer 2027,https://job-boards.greenhouse.io/cssmerge/jobs/8687896002,,live,success,,,,,,,2026-08-07T23:03:27Z,,unreviewed,simplify,2026-08-07T23:00:51Z
fc244a70-fbd2-4a62-a5e8-7caad750e8d9,Royal Bank of Canada,Capital Markets Quant Summer Associate - Quantitative Technology Services,https://rbc.wd3.myworkdayjobs.com/ExternalPrivatePostingStudents/job/New-York-New-York-United-States-of-America/XMLNAME-2027-Capital-Markets--Quants-Summer-Associate--Quantitative-Technology-Services_R-0000183482,,none,failed,,,,,,,2026-08-07T23:04:18Z,,unreviewed,simplify,2026-08-07T23:00:51Z
2115234d-be28-4c20-b435-cbb15464dda9,Royal Bank of Canada,Global Markets Quantitative Trading Summer Analyst - Capital Markets,https://rbc.wd3.myworkdayjobs.com/ExternalPrivatePostingStudents/job/New-York-New-York-United-States-of-America/XMLNAME-2027-Capital-Markets--Global-Markets-Quantitative-Trading-Summer-Analyst_R-0000183468,,none,failed,,,,,,,2026-08-07T23:06:53Z,,unreviewed,simplify,2026-08-07T23:00:51Z
8b6ea404-0949-4cd3-a4e1-f77ec1d8cca0,Royal Bank of Canada,Global Markets Sales & Trading Summer Analyst - Capital Markets,https://rbc.wd3.myworkdayjobs.com/ExternalPrivatePostingStudents/job/New-York-New-York-United-States-of-America/XMLNAME-2027-Capital-Markets--Global-Markets-Sales---Trading-Summer-Analyst_R-0000147305-2,,none,failed,,,,,,,2026-08-07T23:08:47Z,,unreviewed,simplify,2026-08-07T23:00:51Z
6bd91b2c-c817-4f94-bd81-3406c3d2d17b,Everstream Analytics,Intelligence Solutions Intern,https://everstream.ai/careers/jobs/?gh_jid=5991766004,,live,success,,,,,,,2026-08-07T10:26:55Z,,unreviewed,simplify,2026-08-07T10:00:40Z
e3c2315a-4781-449f-9fe9-17d3d76d7b82,tarte cosmetics,Product Development Intern,https://apply.workable.com/tarte-inc/j/66E81C77A4/apply,https://web.archive.org/web/20260807064519/https://apply.workable.com/tarte-inc/j/66E81C77A4/apply,wayback,success,,,,,,,2026-08-07T06:45:37Z,,unreviewed,simplify,2026-08-07T06:30:39Z
0d46d0ee-0a76-4970-9c7c-c4db40ae4fe5,CLEAResult,Energy Efficiency Analyst Co-op,https://clearesult.wd1.myworkdayjobs.com/CLEAResult_External_Careers/job/Remote---Canada---BC/Energy-Efficiency-Co-Op_R0017859,,none,failed,,,,,,,2026-08-06T23:31:09Z,,unreviewed,simplify,2026-08-06T23:00:46Z
5379a4df-fa7a-4799-8978-00d1844415b9,Atoms,Software Engineer Intern - Winter 2027,https://job-boards.greenhouse.io/cssmerge/jobs/8687915002,,live,success,,,,,,,2026-08-06T23:00:29Z,,unreviewed,simplify,2026-08-06T22:30:37Z
9a73f37b-f0c1-4f51-8d29-8096bf876470,Open Road Integrated Media,Marketing Analytics Intern - Paid,https://openroadmedia.applytojob.com/apply/k0wJxCZspo/Marketing-Analytics-Intern-PTPaid,,live,success,,,,,,,2026-08-06T17:34:08Z,,unreviewed,simplify,2026-08-06T15:00:39Z
2fe0230d-4428-4408-9d8b-91d6274a06b6,Rho,Quantitative Analyst Intern,https://jobs.ashbyhq.com/rho/eb5c9709-ab43-4e9e-9c41-ccb122955fcf/application?embed=true,https://web.archive.org/web/20260805233035/https://jobs.ashbyhq.com/rho/eb5c9709-ab43-4e9e-9c41-ccb122955fcf/application?embed=true,wayback,success,,,,,,,2026-08-05T23:30:54Z,,unreviewed,simplify,2026-08-05T23:00:38Z
c07d8789-5d37-4216-93ce-d2d8035adb7d,American Express,Product Management Intern - Global Merchant & Network Services,https://egug.fa.us2.oraclecloud.com/hcmUI/CandidateExperience/en/sites/CX_1/job/26012152,,none,failed,,,,,,,2026-08-05T23:33:53Z,,unreviewed,simplify,2026-08-05T23:00:38Z
381e25f6-4ab5-4346-9d5a-2c6e06b792fb,Exabeam,AI Deployment Intern,https://jobs.jobvite.com/exabeam/job/oRNAAfwy?nl=1&nl=1&fr=false,,live,success,,,,,,,2026-08-05T23:33:57Z,,unreviewed,simplify,2026-08-05T23:00:38Z
0a98ebc5-e475-46d7-82ae-71e4d433d7c6,Susquehanna International Group (SIG),Derivatives Sales Trader Intern - Summer 2027,https://careers-sig.icims.com/jobs/10626/job?mobile=true&needsRedirect=false,,live,success,,,,,,,2026-08-05T22:50:14Z,,unreviewed,simplify,2026-08-05T22:30:38Z
0d5b6431-b3ab-4450-8dc4-f912a69e0e6a,Metropolitan Transportation Authority,Data Analyst Intern - Power - Emerging Talent,https://jobs.jobvite.com/metropolitantransportationauthority/job/o6OAAfwO?nl=1&nl=1&fr=false,,live,success,,,,,,,2026-08-04T23:30:26Z,,unreviewed,simplify,2026-08-04T23:00:39Z
14be19fd-d9b5-4218-9a72-21ca5a1b73da,American Express,Product Development Intern - US Consumer Services,https://egug.fa.us2.oraclecloud.com/hcmUI/CandidateExperience/en/sites/CX_1/job/26012174,https://web.archive.org/web/20260804233037/https://egug.fa.us2.oraclecloud.com/hcmUI/CandidateExperience/en/sites/CX_1/job/26012174,wayback,success,,,,,,,2026-08-04T23:30:55Z,,unreviewed,simplify,2026-08-04T23:00:39Z
7bd4f4c6-eca9-4fd7-93db-4bbd9540ca11,Simple Technology Solutions,AI Apprentice,https://job-boards.greenhouse.io/simpletechnologysolutions/jobs/6134105004,,live,success,,,,,,,2026-08-04T22:54:32Z,,unreviewed,simplify,2026-08-04T22:30:37Z
7aa9448f-c028-4566-8078-45d402ca4ffe,American Express,Product Management Intern,https://egug.fa.us2.oraclecloud.com/hcmUI/CandidateExperience/en/sites/CX_1/job/26011916,,none,failed,,,,,,,2026-08-04T02:02:32Z,,unreviewed,simplify,2026-08-04T01:30:38Z
7668d718-523e-431c-a2b3-b39a409c2dec,Intel,AI Software Engineer Intern,https://intel.wd1.myworkdayjobs.com/en-us/external/job/Virtual-US/AI-Software-Engineer-Graduate-Intern_JR0285989,,none,failed,,,,,,,2026-08-04T00:02:17Z,,unreviewed,simplify,2026-08-03T23:30:35Z
05d6191d-bcef-4557-b17a-783ddb6d4b92,Prophet,AI Engineer Intern - AI Foundry & Digital Growth,https://job-boards.greenhouse.io/prophet/jobs/4689859005,,live,success,,,,,,,2026-08-03T23:30:35Z,,unreviewed,simplify,2026-08-03T23:00:36Z
ebd0e25e-fda3-446a-8872-f7292f38d1f7,Susquehanna International Group (SIG),Quantitative Trading and Quantitative Strategy Development,https://careers-sig.icims.com/jobs/11148/job?mobile=true&needsRedirect=false,,live,success,,,,,,,2026-08-03T22:53:37Z,,unreviewed,simplify,2026-08-03T22:30:35Z
1e4d7c96-ae34-4db0-8464-a7e707c6c800,American Express,Product Development Intern - Product Development - Consumer Services,https://egug.fa.us2.oraclecloud.com/hcmUI/CandidateExperience/en/sites/CX_1/job/26011571,https://web.archive.org/web/20260803150042/https://egug.fa.us2.oraclecloud.com/hcmUI/CandidateExperience/en/sites/CX_1/job/26011571,wayback,success,,,,,,,2026-08-03T15:01:06Z,,unreviewed,simplify,2026-08-03T14:30:33Z
c603c749-ab7d-489e-a4f7-a962ea05b835,JP Morgan Chase,Quantitative Research Intern - Markets - Analyst,https://jpmc.fa.oraclecloud.com/hcmUI/CandidateExperience/en/sites/CX_1001/job/210774038,https://web.archive.org/web/20260803073127/https://jpmc.fa.oraclecloud.com/hcmUI/CandidateExperience/en/sites/CX_1001/job/210774038,wayback,success,,,,,,,2026-08-03T07:31:44Z,,unreviewed,simplify,2026-08-03T07:30:36Z
98635871-6276-41e4-ad95-172485704a2c,JP Morgan Chase,Data & AI Intern - Analyst,https://jpmc.fa.oraclecloud.com/hcmUI/CandidateExperience/en/sites/CX_1001/job/210773869,,none,failed,,,,,,,2026-08-03T07:34:43Z,,unreviewed,simplify,2026-08-03T07:30:36Z
1bf46509-1ef7-44c8-9af8-cbe0dbe392ff,JP Morgan Chase,Data Internship - Data & AI Program,https://jpmc.fa.oraclecloud.com/hcmUI/CandidateExperience/en/sites/CX_1001/job/210775223,https://web.archive.org/web/20260803073600/https://jpmc.fa.oraclecloud.com/hcmUI/CandidateExperience/en/sites/CX_1001/job/210775223,wayback,success,,,,,,,2026-08-03T07:36:22Z,,unreviewed,simplify,2026-08-03T07:30:36Z
736ed5d6-63be-4dfa-b0d6-5eb9c5d4e663,JP Morgan Chase,Quantitative Research Intern - Risk and Treasury,https://jpmc.fa.oraclecloud.com/hcmUI/CandidateExperience/en/sites/CX_1001/job/210773978,,none,failed,,,,,,,2026-08-03T07:39:16Z,,unreviewed,simplify,2026-08-03T07:30:36Z
33f7cf59-11b2-4422-b6b4-0d340392d3b9,JP Morgan Chase,Software Engineer Intern - Software Engineer Program,https://jpmc.fa.oraclecloud.com/hcmUI/CandidateExperience/en/sites/CX_1001/job/210773759,https://web.archive.org/web/20260803073953/https://jpmc.fa.oraclecloud.com/hcmUI/CandidateExperience/en/sites/CX_1001/job/210773759,wayback,success,,,,,,,2026-08-03T07:40:14Z,2026-09-04T05:35:32Z,unreviewed,simplify,2026-08-03T07:30:36Z
067fde7e-5b83-40ed-8830-3864aced6f33,JP Morgan Chase,Quantitative Research Summer Analyst Intern - Asset Management,https://jpmc.fa.oraclecloud.com/hcmUI/CandidateExperience/en/sites/CX_1001/job/210774074,,,pending,,,,,,,,,unreviewed,simplify,2026-08-03T07:30:36Z
6d7e83bd-6e67-4d8c-919e-862288b8b561,JP Morgan Chase,Quantitative Research Intern,https://jpmc.fa.oraclecloud.com/hcmUI/CandidateExperience/en/sites/CX_1001/job/210774061,,,pending,,,,,,,,,unreviewed,simplify,2026-08-03T07:30:36Z
98224f6a-9244-4a2a-94e7-e9166181bd40,The Coca-Cola Company,Digital & Technology Extern - Digital & Technology,https://coke.wd1.myworkdayjobs.com/coca-cola-careers/job/US--REMOTE/Start-Your-Legacy-HBCU-Externship-----Digital---Technology_R-144386,,none,failed,,,,,,,2026-08-03T07:01:22Z,,unreviewed,simplify,2026-08-03T06:30:34Z
bf242ed9-9919-4627-bcd1-35178762d9c5,American Express,Campus Undergraduate Summer Internship - Strategy & Analytics - Credit & Fraud Risk,https://egug.fa.us2.oraclecloud.com/hcmUI/CandidateExperience/en/sites/CX_1/job/26011984,,none,failed,,,,,,,2026-08-03T07:02:30Z,2026-09-04T05:35:32Z,unreviewed,simplify,2026-08-03T06:30:34Z
05ab114c-f9d4-45b3-ac84-20227b44db3f,American Express,Product Management Intern - Product Innovation - Credit & Fraud Risk,https://egug.fa.us2.oraclecloud.com/hcmUI/CandidateExperience/en/sites/CX_1/job/26011992,,none,failed,,,,,,,2026-08-03T07:04:03Z,,unreviewed,simplify,2026-08-03T06:30:34Z
d1787088-b958-47f6-91df-8bc1262f98bf,American Express,Digital Product Analyst Intern,https://egug.fa.us2.oraclecloud.com/hcmUI/CandidateExperience/en/sites/CX_1/job/26011918,,none,failed,,,,,,,2026-08-03T07:05:10Z,,unreviewed,simplify,2026-08-03T06:30:34Z
48c4cfa3-389b-4a66-abd7-a1d6cb9708a5,Yotta Labs,Research Engineer Intern - AI Systems,https://jobs.ashbyhq.com/yotta/09821a51-fbe6-42a7-a566-0d2b5d40fae3/application?embed=true,https://web.archive.org/web/20260802230037/https://jobs.ashbyhq.com/yotta/09821a51-fbe6-42a7-a566-0d2b5d40fae3/application?embed=true,wayback,success,,,,,,,2026-08-02T23:00:57Z,,unreviewed,simplify,2026-08-02T22:30:34Z
d7896522-5218-4362-8092-60cacc29a642,Two Sigma,Quantitative Researcher Intern,https://twosigma.avature.net/careers/JobDetail/13945,,live,success,,,,,,,2026-08-02T02:00:36Z,,unreviewed,simplify,2026-08-02T01:30:35Z
6bb2553b-f9bc-4c0b-ae90-ae4d6dabeeee,Two Sigma,AI Research Scientist Intern - 2027 Summer,https://twosigma.avature.net/careers/JobDetail/14096,,live,success,,,,,,,2026-08-02T02:00:41Z,,unreviewed,simplify,2026-08-02T01:30:35Z
afe0a0fb-3122-4fb0-9f95-8e945b50b092,NORY,Maker Education Fabricator - Prototyping,https://jobs.ashbyhq.com/nory-co/f1609a5c-c3d2-44a5-a7e7-7f0f67d092dc/application?embed=true,https://web.archive.org/web/20260801210031/https://jobs.ashbyhq.com/nory-co/f1609a5c-c3d2-44a5-a7e7-7f0f67d092dc/application?embed=true,wayback,success,,,,,,,2026-08-01T21:00:49Z,,unreviewed,simplify,2026-08-01T20:30:35Z
7ff2bfdc-c0f7-4d3b-9cc7-c2eae7f22986,Ancestry,Postdoctoral Fellow - Applied AI Document Understanding,https://ancestry.wd501.myworkdayjobs.com/Careers/job/Remote/Postdoctoral-Fellow---Applied-AI---Document-Understanding_R003380,,none,failed,,,,,,,2026-08-01T16:32:58Z,,unreviewed,simplify,2026-08-01T16:00:33Z
1f413552-77af-4f45-aecd-532852b777c8,Sweatpals,Product Manager Intern - Host Squad,https://jobs.ashbyhq.com/sweatpals/be2f5fa7-2542-40e6-873f-778322bb0522/application?embed=true,,none,failed,,,,,,,2026-08-01T10:16:46Z,,unreviewed,simplify,2026-08-01T10:00:35Z
369aa379-9db8-44bd-8238-0cbf7f9c3483,Tessera Labs,Product Manager Intern,https://jobs.ashbyhq.com/tessera-labs/3b2d45b8-9881-41fe-b103-7bbc400e1544/application?embed=true,,none,failed,,,,,,,2026-08-01T10:18:37Z,,unreviewed,simplify,2026-08-01T10:00:35Z
01c4d1da-b058-4813-b47e-7f8e4dba1bd1,General Intuition &amp; Medal,Technical Intern and New Grad,https://jobs.ashbyhq.com/generalintuition-medal/aaa8928d-7d07-4859-86c1-eb39c4c4cbd3/application?embed=true,,none,failed,,,,,,,2026-08-01T09:32:58Z,,unreviewed,simplify,2026-08-01T09:00:35Z
63312998-23b7-4617-994a-97b67a1866fb,New York Post Holdings,Product Intern,https://dowjones.wd1.myworkdayjobs.com/New_York_Post_Careers/job/NYC---1211-Ave-of-the-Americas/Product-Intern--Fall-2026--10-weeks--24-hours-a-week-_Job_Req_54488,,none,failed,,,,,,,2026-08-01T00:02:53Z,,unreviewed,simplify,2026-07-31T23:30:36Z
35d8cb0a-56cf-478f-80bb-73ba1dafbac2,CLEAResult,Engineering Co-op,https://clearesult.wd1.myworkdayjobs.com/CLEAResult_External_Careers/job/Remote---Canada---ON/Engineering-Co-op_R0017830,,none,failed,,,,,,,2026-08-01T00:05:28Z,,unreviewed,simplify,2026-07-31T23:30:36Z
8183f0b3-f63a-4b40-a5f3-9b6811decada,CLEAResult,Engineering Co-op,https://clearesult.wd1.myworkdayjobs.com/CLEAResult_External_Careers/job/Remote---Canada---ON/Engineering-Co-op_R0017832,,none,failed,,,,,,,2026-07-31T15:57:58Z,,unreviewed,simplify,2026-07-31T15:30:35Z
56196707-1bc1-44de-9e0e-a32456792771,Melius,Software Engineer Intern,https://jobs.ashbyhq.com/melius/b61f063a-4f94-4e50-a4ef-05aaab552280/application?embed=true,,none,failed,,,,,,,2026-07-31T15:33:10Z,,unreviewed,simplify,2026-07-31T15:00:36Z
8c8cf5d2-f485-4d7e-b8b1-ce1caaf73d31,CLEAResult,Engineering Co-op,https://clearesult.wd1.myworkdayjobs.com/CLEAResult_External_Careers/job/Remote---Canada---ON/Engineering-Co-op_R0017831,,none,failed,,,,,,,2026-07-31T15:36:21Z,,unreviewed,simplify,2026-07-31T15:00:36Z
c0af9d72-1728-4150-80da-21fdc78a0bbb,Colonist,Product Developer Intern,https://jobs.ashbyhq.com/colonist/b9285b46-6972-4443-b34f-8d74631a0dbd/application?embed=true,https://web.archive.org/web/20260731130046/https://jobs.ashbyhq.com/colonist/b9285b46-6972-4443-b34f-8d74631a0dbd/application?embed=true,wayback,success,,,,,,,2026-07-31T13:01:08Z,,unreviewed,simplify,2026-07-31T12:30:34Z
59b38467-71db-455a-94f0-aef60039a70c,Gemini,Product Management Intern,https://boards.greenhouse.io/embed/job_app?for=gemini&token=8041452&gh_jid=8041452,,live,success,,,,,,,2026-07-31T11:00:42Z,,unreviewed,simplify,2026-07-31T10:30:34Z
0fc23464-ee24-45e4-ae4c-cbf98ca6ac10,NAXO,Technical Investigations Support Intern,https://ats.rippling.com/naxo/jobs/09e22a83-c30d-47ce-903d-f684e17f656c,,live,success,,,,,,,2026-07-31T09:26:38Z,,unreviewed,simplify,2026-07-31T09:00:35Z
3d88fb1f-4b46-4e88-a576-048f777a91f2,Melius,Software Engineer Intern,https://jobs.ashbyhq.com/melius/6a944911-dbbf-44c7-ba52-7866f7b433cf/application?embed=true,,none,failed,,,,,,,2026-07-31T02:03:04Z,,unreviewed,simplify,2026-07-31T01:30:35Z
a00101f6-5c51-4a7d-a424-e3f3a7ac8a16,Trillium,Equity Trader,https://www.trlm.com/apply/5191110007?gh_jid=5191110007,,live,success,,,,,,,2026-07-30T23:30:27Z,,unreviewed,simplify,2026-07-30T23:00:36Z
bca90a25-419e-46da-864d-1d8564cdf838,CALSTART,Data Analysis Intern,https://jobs.lever.co/calstart/39565f0d-d10f-458b-b72d-d807420059b8/apply,,live,success,,,,,,,2026-07-30T22:57:21Z,,unreviewed,simplify,2026-07-30T22:30:35Z
10d96e7a-3541-4fba-b9e4-02bc40feaea7,CALSTART,Zero-Emission Data & Research Intern,https://jobs.lever.co/calstart/faf839b1-8c62-4fcf-991c-71750d8fc909/apply,,live,success,,,,,,,2026-07-30T22:57:24Z,,unreviewed,simplify,2026-07-30T22:30:35Z
50713986-aff9-40ea-98ea-3a751c83b80f,CALSTART,Web Development Intern,https://jobs.lever.co/calstart/cbd0d758-18b0-481d-9e67-a065682f30ea/apply,,live,success,,,,,,,2026-07-30T22:57:28Z,,unreviewed,simplify,2026-07-30T22:30:35Z
0b70d1e1-a241-43ea-b553-844b484972d9,Forus,Engineer Intern,https://jobs.ashbyhq.com/forus/82e10191-232e-4e8d-9c5e-cb82940cdfc7/application?embed=true,https://web.archive.org/web/20260730014457/https://jobs.ashbyhq.com/forus/82e10191-232e-4e8d-9c5e-cb82940cdfc7/application?embed=true,wayback,success,,,,,,,2026-07-30T01:45:15Z,,unreviewed,simplify,2026-07-30T01:30:36Z
d8419553-b116-44e9-8ec0-d1ae843c6512,Virtu Financial,Frontend Developer Internship,https://job-boards.greenhouse.io/virtu/jobs/8657500002,,live,success,,,,,,,2026-07-30T00:02:00Z,,unreviewed,simplify,2026-07-29T23:30:36Z
3ebe96ab-b5a9-4ddf-99f0-9583e2226fb6,CVS Health,Analytics & Behavior Change – Engineering Grad - Conversion,https://cvshealth.wd1.myworkdayjobs.com/Private_Postings_Intern_Conversion_ONLY/job/NY---New-York/Analytics---Behavior-Change---Engineering-Grad--Conversion-_R0991701,,none,failed,,,,,,,2026-07-30T00:03:06Z,,unreviewed,simplify,2026-07-29T23:30:36Z
40c1294a-a472-402c-882b-843d26a07449,CVS Health,Analytics & Behavior Change - Data Science - Conversion,https://cvshealth.wd1.myworkdayjobs.com/Private_Postings_Intern_Conversion_ONLY/job/NY---New-York/Analytics---Behavior-Change---Data-Science-Undergrad--Conversion-_R0991610,https://web.archive.org/web/20260729235908/https://cvshealth.wd1.myworkdayjobs.com/Private_Postings_Intern_Conversion_ONLY/job/NY---New-York/Analytics---Behavior-Change---Data-Science-Undergrad--Conversion-_R0991610,wayback,success,,,,,,,2026-07-30T00:04:31Z,,unreviewed,simplify,2026-07-29T23:30:36Z
08a728f0-6281-4206-a022-403284d64763,CVS Health,Analytics & Behavior Change - Engineering Undergrad - Conversion,https://cvshealth.wd1.myworkdayjobs.com/Private_Postings_Intern_Conversion_ONLY/job/NY---New-York/Analytics---Behavior-Change---Engineering-Undergrad--Conversion-_R0991666,https://web.archive.org/web/20260729235516/https://cvshealth.wd1.myworkdayjobs.com/Private_Postings_Intern_Conversion_ONLY/job/NY---New-York/Analytics---Behavior-Change---Engineering-Undergrad--Conversion-_R0991666,wayback,success,,,,,,,2026-07-30T00:00:38Z,,unreviewed,simplify,2026-07-29T23:00:36Z
229ace69-8177-42cc-a85f-c0517803f03b,CVS Health,Analytics & Behavior Change – Data Science Grad - Conversion,https://cvshealth.wd1.myworkdayjobs.com/Private_Postings_Intern_Conversion_ONLY/job/NY---New-York/Analytics---Behavior-Change---Data-Science-Grad--Conversion-_R0991627,,none,failed,,,,,,,2026-07-30T00:01:57Z,,unreviewed,simplify,2026-07-29T23:00:36Z
c9ad7130-d51b-4977-b457-507b9ff86717,Modal,Machine Learning Research Intern,https://jobs.ashbyhq.com/modal/38888294-6bc7-4dab-b072-6d0f0c2ed79a/application?embed=true,https://web.archive.org/web/20260728235311/https://jobs.ashbyhq.com/modal/38888294-6bc7-4dab-b072-6d0f0c2ed79a/application?embed=true,wayback,success,,,,,,,2026-07-28T23:53:31Z,,unreviewed,simplify,2026-07-28T23:30:38Z
4f326166-61c0-478c-810c-4b3743e7d440,FTI Consulting,Technology Intern - Technology,https://fticonsulting.wd108.myworkdayjobs.com/FTIConsultingCareersPrivate/job/United-States/XMLNAME-2027-Intern---Technology_JR260339,https://web.archive.org/web/20260728233029/https://fticonsulting.wd108.myworkdayjobs.com/FTIConsultingCareersPrivate/job/United-States/XMLNAME-2027-Intern---Technology_JR260339,wayback,success,,,,,,,2026-07-28T23:30:54Z,,unreviewed,simplify,2026-07-28T23:00:37Z
5efbd1de-4e9a-48b1-82f2-9d2d0c6f3914,FTI Consulting,Technology Intern,https://fticonsulting.wd108.myworkdayjobs.com/FTIConsultingCareers/job/United-States/XMLNAME-2027-Intern---Technology_JR260339-1,https://web.archive.org/web/20260728233132/https://fticonsulting.wd108.myworkdayjobs.com/FTIConsultingCareers/job/United-States/XMLNAME-2027-Intern---Technology_JR260339-1,wayback,success,,,,,,,2026-07-28T23:33:13Z,,unreviewed,simplify,2026-07-28T23:00:37Z
d91645a0-c83d-4a09-bb25-c45044295c83,TikTok,Efficiency Analyst/Methodologist Project Intern - Content Operations - Tiktok-Operations-Operations Efficiency,https://lifeattiktok.com/search/7667248888103782661,,live,success,,,,,,,2026-07-28T02:05:47Z,,unreviewed,simplify,2026-07-28T02:00:35Z
66aed69d-0acd-43a5-9aa1-fcbdc96ceebd,Metropolitan Transportation Authority,Computer Specialist - Software,https://jobs.jobvite.com/metropolitantransportationauthority/job/oCroAfwL?nl=1&nl=1&fr=false,,live,success,,,,,,,2026-07-27T23:56:31Z,,unreviewed,simplify,2026-07-27T23:30:36Z
d954b282-1586-4e74-818f-8d83c3936a8c,Metropolitan Transportation Authority,Application Developer 1 - PeopleSoft,https://jobs.jobvite.com/metropolitantransportationauthority/job/oTXByfwJ?nl=1&nl=1&fr=false,,live,success,,,,,,,2026-07-27T23:56:35Z,,unreviewed,simplify,2026-07-27T23:30:36Z
50f076dc-b912-4d1b-b7d7-59cfb38b5688,Kodak,Marketing Analytics Intern,https://careers.kodak.com/job/USA-Marketing-Analytics-Intern-CA/1412894200/?ats=successfactors,,live,success,,,,,,,2026-07-27T23:30:34Z,,unreviewed,simplify,2026-07-27T23:00:35Z
7e5feb76-9fea-420d-a0ea-32c19e256975,PDT Partners,Software Engineer Intern,https://job-boards.greenhouse.io/pdtpartners/jobs/8077685,,live,success,,,,,,,2026-07-24T23:01:16Z,,unreviewed,simplify,2026-07-24T23:00:36Z
82a4d731-9bcd-4a93-8dda-6d7af0e3b64c,Trillium,Equity Trader Intern,https://www.trlm.com/apply/5076003007?gh_jid=5076003007,,live,success,,,,,,,2026-07-24T23:01:11Z,,unreviewed,simplify,2026-07-24T22:30:35Z
53663e4c-42be-4d2a-ba0f-ac7a0d65da22,Quadrillion,Software Engineering Intern,https://jobs.ashbyhq.com/quadrillion-labs/a4acc44c-31ce-41a0-ab44-2500487b4d05/application?embed=true,https://web.archive.org/web/20260724070039/https://jobs.ashbyhq.com/quadrillion-labs/a4acc44c-31ce-41a0-ab44-2500487b4d05/application?embed=true,wayback,success,,,,,,,2026-07-24T07:00:58Z,,unreviewed,simplify,2026-07-24T06:30:34Z
5715d5fe-76a4-46e6-9cea-0b6ab4f8fc11,Anthelion Capital,Quant Developer / Quant Research Intern,https://jobs.ashbyhq.com/anthelioncap/5e2ea37b-2369-474e-b717-c24c60976e96/application?embed=true,https://web.archive.org/web/20260723235818/https://jobs.ashbyhq.com/anthelioncap/5e2ea37b-2369-474e-b717-c24c60976e96/application?embed=true,wayback,success,,,,,,,2026-07-23T23:58:41Z,,unreviewed,simplify,2026-07-23T23:30:37Z
452bd6d1-0b35-4f40-aa51-c0ae49420249,Compassion International,Software Developer Fellow,https://compassion.wd5.myworkdayjobs.com/CompassionCareersPrivateLink/job/Remote---USA/Software-Developer-Fellow---CVG_R8264,,none,failed,,,,,,,2026-07-23T23:31:10Z,,unreviewed,simplify,2026-07-23T23:00:44Z
c3cb586c-7a74-433e-9247-a5bf6ab308e5,Golden Pet Brands,Data Analytics Intern,https://job-boards.greenhouse.io/goldenpetbrands/jobs/4713182005,,live,success,,,,,,,2026-07-23T23:31:13Z,,unreviewed,simplify,2026-07-23T23:00:44Z
faaf208d-f3fb-4acf-90e1-a4498d1cebb6,Warner Bros.,"Research, Analytics & Strategy Intern",https://warnerbros.wd5.myworkdayjobs.com/global/job/NY-New-York-30-Hudson-Yards/Research--Analytics---Strategy-Internships--NYC---Fall-2026_R000107153,,none,failed,,,,,,,2026-07-23T07:31:23Z,,unreviewed,simplify,2026-07-23T07:00:46Z
176683ad-4f54-4461-9907-17a88c4e7569,RSM,Tax Technology Associate,https://rsm.wd1.myworkdayjobs.com/RSMCareers/job/New-York/Tax-Technology-Associate---Fall-2027_JR120318,https://web.archive.org/web/20260723003035/https://rsm.wd1.myworkdayjobs.com/RSMCareers/job/New-York/Tax-Technology-Associate---Fall-2027_JR120318,wayback,success,,,,,,,2026-07-23T00:31:06Z,,unreviewed,simplify,2026-07-23T00:00:39Z
462f2077-96ee-46b5-82ee-70c2d671d849,Virtu Financial,Quantitative Researcher Internship,https://job-boards.greenhouse.io/virtu/jobs/8624424002,,live,success,,,,,,,2026-07-23T00:31:09Z,,unreviewed,simplify,2026-07-23T00:00:39Z
2539c19a-bd13-4e12-b098-21cfc96b7d39,Blackstone,Blackstone Infrastructure Partners Investment Analyst,https://blackstone.wd1.myworkdayjobs.com/Blackstone_Campus_Careers/job/New-York/XMLNAME-2027-Blackstone-Infrastructure-Partners-Investment-Analyst_44143,,none,failed,,,,,,,2026-07-22T23:56:25Z,,unreviewed,simplify,2026-07-22T23:30:37Z
3233fcfb-8678-4efa-8fe0-1034b9db4a52,Adtheorant,Enterprise AI Intern,https://careers-cadent.icims.com/jobs/1406/job?mobile=true&needsRedirect=false,,live,success,,,,,,,2026-07-22T23:56:28Z,,unreviewed,simplify,2026-07-22T23:30:37Z
e01898a9-7ee0-4abc-a2e4-d7973c542041,Castleton Commodities International,Data Engineering Intern,https://osv-cci.wd1.myworkdayjobs.com/en-US/CCICareers/job/Stamford-CT/Data-Engineering-Internship--Summer-2027-_R1346,https://web.archive.org/web/20260722030043/https://osv-cci.wd1.myworkdayjobs.com/en-US/CCICareers/job/Stamford-CT/Data-Engineering-Internship--Summer-2027-_R1346,wayback,success,,,,,,,2026-07-22T03:01:04Z,,unreviewed,simplify,2026-07-22T02:30:40Z
66058658-b81c-4603-b721-ad005299ed84,Humana,Senior Data Governance Professional,https://humana.wd5.myworkdayjobs.com/humana_external_career_site/job/Remote-Nationwide/Data-Governance-Sr-Professional_R-423585,,none,failed,,,,,,,2026-07-22T01:54:34Z,,unreviewed,simplify,2026-07-22T01:30:40Z
ce1d842e-89a6-4905-a608-3eca02ddd233,Virtu Financial,Quantitative Trading Intern,https://job-boards.greenhouse.io/virtu/jobs/8624408002,,live,success,,,,,,,2026-07-22T01:30:26Z,,unreviewed,simplify,2026-07-22T01:00:39Z
800e06ea-4a8a-4db5-a93a-7aae82cfac49,Virtu Financial,Software Engineer Intern - Software Engineer,https://job-boards.greenhouse.io/virtu/jobs/8624410002,,live,success,,,,,,,2026-07-22T01:30:29Z,,unreviewed,simplify,2026-07-22T01:00:39Z
ceffdfc7-2794-424e-836b-524a7a195428,GE Aerospace,Embedded Systems Engineer Co-op,https://geaerospace.wd5.myworkdayjobs.com/ge_externalsite/job/Bohemia/Embedded-Systems-Engineer-Co-op--Bohemia--NY----Spring-2027_R5035583-1,https://web.archive.org/web/20260721170115/https://geaerospace.wd5.myworkdayjobs.com/ge_externalsite/job/Bohemia/Embedded-Systems-Engineer-Co-op--Bohemia--NY----Spring-2027_R5035583-1,wayback,success,,,,,,,2026-07-21T17:01:51Z,,unreviewed,simplify,2026-07-21T16:30:39Z
67a5f775-5448-46b2-9dad-a17c4c4584be,Carnegie Mellon University,Research Assistant - College of Engineering - Department of Chemical Engineering,https://cmu.wd5.myworkdayjobs.com/cmu/job/Remote/Research-Assistant---College-of-Engineering---Department-of-Chemical-Engineering_2024265,,none,failed,,,,,,,2026-07-21T07:01:27Z,,unreviewed,simplify,2026-07-21T06:30:33Z
44d9733e-5e40-42b0-bed0-471fb6dfa64e,Egra,AI Researcher Intern,https://jobs.ashbyhq.com/egra/6f295102-6330-4a9e-9fc4-9b414e620003/application?embed=true,https://web.archive.org/web/20260721023126/https://jobs.ashbyhq.com/egra/6f295102-6330-4a9e-9fc4-9b414e620003/application?embed=true,wayback,success,,,,,,,2026-07-21T02:31:46Z,,unreviewed,simplify,2026-07-21T02:00:40Z
3e2fa4d6-9588-4f77-a073-1747d963be9e,Pendulum Intelligence,Product Manager Intern,https://ats.rippling.com/pendulum-intelligence-jobs/jobs/301a1742-46fd-4489-b410-6fdcac0dbe27,,live,success,,,,,,,2026-07-21T02:31:49Z,,unreviewed,simplify,2026-07-21T02:00:40Z
6a849ae3-5b64-44ef-8bcc-a7bb32766d9f,Hubs.is,Product Intern,https://jobs.ashbyhq.com/hubs.is/00dc1010-f699-4f43-822b-fdfa57a0da8a/application?embed=true,,none,failed,,,,,,,2026-07-21T02:34:26Z,,unreviewed,simplify,2026-07-21T02:00:40Z
0ee5e237-498f-42f6-81bc-b03b8e22e49b,Revise Robotics,Engineer Intern,https://jobs.ashbyhq.com/reviserobotics/7b0426d4-cf8c-4fdf-98a8-5a0360706633/application?embed=true,,none,failed,,,,,,,2026-07-21T02:37:11Z,,unreviewed,simplify,2026-07-21T02:00:40Z
05ffbfcd-fa0b-4650-baa4-19048fcad9d7,Quadrillion,Research Intern,https://jobs.ashbyhq.com/quadrillion-labs/579cef88-1dbf-45b5-a938-7ddc23505765/application?embed=true,https://web.archive.org/web/20260721023830/https://jobs.ashbyhq.com/quadrillion-labs/579cef88-1dbf-45b5-a938-7ddc23505765/application?embed=true,wayback,success,,,,,,,2026-07-21T02:38:49Z,,unreviewed,simplify,2026-07-21T02:00:40Z
5ea98056-c56b-4b75-bc44-d64a3c6c73a3,Quadrillion,Software Engineer Intern,https://jobs.ashbyhq.com/quadrillion-labs/601e105d-2f0f-4482-9bae-3a825a1b97fd/application?embed=true,,,pending,,,,,,,,,unreviewed,simplify,2026-07-21T02:00:40Z
8cd6c68a-d1b7-4a16-9dc4-411fb9932fbb,Kirin,Software Engineer Intern - AI Agents + Devices,https://jobs.ashbyhq.com/kirin/38772f01-84fd-4f09-a36d-e7fa86341b99/application?embed=true,,,pending,,,,,,,,,unreviewed,simplify,2026-07-21T02:00:40Z
6409dda3-9704-4933-a226-3ae46b43d171,Junior AI,Software Engineer Intern,https://jobs.ashbyhq.com/junior/23ee686b-d305-4ac9-860d-16c99ddb4891/application?embed=true,,none,failed,,,,,,,2026-07-21T01:55:41Z,,unreviewed,simplify,2026-07-21T01:30:32Z
dd09b631-b758-451e-b3f1-067cadf66b69,Kirin,Quantitative Research Intern - Prediction Markets,https://jobs.ashbyhq.com/kirin/93648515-7e6c-43f4-bdcb-0c072f22a15a/application?embed=true,https://web.archive.org/web/20260721015711/https://jobs.ashbyhq.com/kirin/93648515-7e6c-43f4-bdcb-0c072f22a15a/application?embed=true,wayback,success,,,,,,,2026-07-21T01:57:32Z,,unreviewed,simplify,2026-07-21T01:30:32Z
f2d2fce5-0d01-4d4a-9a98-85a62798d293,Google,Student Researcher,https://www.google.com/about/careers/applications/jobs/results/132362676918461126,,live,success,,,,,,,2026-07-21T01:57:35Z,,unreviewed,simplify,2026-07-21T01:30:32Z
1af2873b-32c5-4dac-9ccb-9af00aa0c9a3,Google,Student Researcher,https://www.google.com/about/careers/applications/jobs/results/83535564552184518,,live,success,,,,,,,2026-07-21T01:30:26Z,,unreviewed,simplify,2026-07-21T00:30:32Z
b67c806f-262a-4ec2-8ed1-de44ffbca035,Google,Software Engineer Intern - MS,https://www.google.com/about/careers/applications/jobs/results/95141459539174086,,live,success,,,,,,,2026-07-21T00:30:25Z,,unreviewed,simplify,2026-07-21T00:00:54Z
820400f1-d2e5-43b3-94b0-c8913692b46a,Google,Software Engineer Intern,https://www.google.com/about/careers/applications/jobs/results/85564713261245126,,live,success,,,,,,,2026-07-21T00:30:29Z,,unreviewed,simplify,2026-07-21T00:00:54Z
4253e953-04fc-48f3-be58-728d5c241c3c,Compassion International,"Monitoring, Evaluation, Accountability, and Learning Fellow",https://compassion.wd5.myworkdayjobs.com/compassioncareers/job/Remote---USA/Monitoring---Evaluation-for-Accountability-and-Learning--MEAL--Fellow_R8260-2,,none,failed,,,,,,,2026-07-20T23:32:18Z,,unreviewed,simplify,2026-07-20T23:00:31Z
c630373c-97e1-47cf-a4b8-5348a77da451,Capital One,Data Science Intern,https://capitalone.wd12.myworkdayjobs.com/Capital_One/job/McLean-VA/Current-PhD---Data-Science-Internship---Summer-2027_R244287-1,,none,failed,,,,,,,2026-07-20T15:26:42Z,,unreviewed,simplify,2026-07-20T15:00:48Z
39789fe8-b64d-4aff-bb17-79a513e6a2e7,Capital One,Master's Data Science Internship,https://capitalone.wd12.myworkdayjobs.com/Capital_One/job/McLean-VA/Current-Master-s---Data-Science-Internship---Summer-2027_R244285-1,https://web.archive.org/web/20260720150049/https://capitalone.wd12.myworkdayjobs.com/Capital_One/job/McLean-VA/Current-Master-s---Data-Science-Internship---Summer-2027_R244285-1,wayback,success,,,,,,,2026-07-20T15:01:10Z,,unreviewed,simplify,2026-07-20T14:30:29Z
ae61434b-9142-44d7-96d5-7e8a5731372f,PGIM,Real Estate - Equity Investment Analyst Program,https://pru.wd5.myworkdayjobs.com/pgim_careers/job/Newark-NJ-USA/PGIM--2027-Real-Estate--Equity-Investment-Analyst-Program_R-124631,,none,failed,,,,,,,2026-07-19T23:01:23Z,,unreviewed,simplify,2026-07-19T22:30:31Z
80b3432f-f7a2-4886-bda6-698e860df082,Prudential Financial,Real Estate Originations Investment Analyst Program,https://pru.wd5.myworkdayjobs.com/Careers/job/New-York-2-Manhattan-West/PGIM--2027-Real-Estate--Originations-Summer-Investment-Analyst-Program_R-124635-1,,none,failed,,,,,,,2026-07-19T23:04:33Z,,unreviewed,simplify,2026-07-19T22:30:31Z
68ceeffa-36f0-4cd6-9256-42fd6f4f016d,PGIM,Real Estate Equity Investment Analyst Program,https://pru.wd5.myworkdayjobs.com/pgim_careers/job/Newark-NJ-USA/PGIM--2027-Real-Estate--Equity-Summer-Investment-Analyst-Program_R-124634,,none,failed,,,,,,,2026-07-19T23:05:17Z,,unreviewed,simplify,2026-07-19T22:30:31Z
06633e4b-4d98-4a80-a791-5dc0f248390f,PGIM,Real Estate Originations Investment Analyst Program,https://pru.wd5.myworkdayjobs.com/pgim_careers/job/New-York-2-Manhattan-West/PGIM--2027-Real-Estate--Originations-Summer-Investment-Analyst-Program_R-124635-2,,none,failed,,,,,,,2026-07-19T23:07:51Z,,unreviewed,simplify,2026-07-19T22:30:31Z
d1a12763-bd6a-435c-bc94-05274ad822f1,Prudential Financial,Real Estate Equity Investment Analyst Program,https://pru.wd5.myworkdayjobs.com/Careers/job/Newark-NJ-USA/PGIM--2027-Real-Estate--Equity-Summer-Investment-Analyst-Program_R-124634-2,,none,failed,,,,,,,2026-07-19T23:10:45Z,,unreviewed,simplify,2026-07-19T22:30:31Z
9f4e4614-b132-4a36-8ec6-51a051c0ef58,Prudential Financial,Real Estate - Equity Investment Analyst Program,https://pru.wd5.myworkdayjobs.com/Careers/job/Newark-NJ-USA/PGIM--2027-Real-Estate--Equity-Investment-Analyst-Program_R-124631-2,,,pending,,,,,,,,,unreviewed,simplify,2026-07-19T22:30:31Z
3ead5def-8555-40d4-817c-7435fa78e157,Synchrony Financial,Technology Intern,https://synchronyfinancial.wd5.myworkdayjobs.com/University/job/Other-Remote-NY/Technology-Intern---Fall-2026_2601748,,none,failed,,,,,,,2026-07-18T11:29:58Z,,unreviewed,simplify,2026-07-18T11:00:44Z
7c5ad96f-e7b8-4ad3-9e09-9da83e6659b0,Viavi Solutions,Software Development Data Analytics Intern,https://viavisolutions.wd1.myworkdayjobs.com/careers/job/Home-Office-USA/SW-Development-Intern-Data-Analytics_260004919-1,,none,failed,,,,,,,2026-07-17T23:32:37Z,,unreviewed,simplify,2026-07-17T23:00:33Z
2f47de17-a088-41a1-8238-0a8713c924ae,PGIM,Private Credit – Investment Analyst Program,https://pru.wd5.myworkdayjobs.com/pgim_careers/job/Newark-NJ-USA/PGIM--2027-Private-Credit--Summer-Investment-Analyst-Program_R-124649,,none,failed,,,,,,,2026-07-17T23:35:28Z,,unreviewed,simplify,2026-07-17T23:00:33Z
9b8c84ef-c762-4da1-9f47-56e4a62375d5,Deepgram,Software Engineer Intern,https://jobs.ashbyhq.com/deepgram/dc8693b5-72ce-4ca3-ab15-9c8434d35da1/application?embed=true,,none,failed,,,,,,,2026-07-17T22:48:15Z,,unreviewed,simplify,2026-07-17T22:30:32Z
fe4a0f8c-3de2-411c-8959-9b9893900a52,Ensemble Health Partners,Engineering Excellence Intern,https://ensemblehp.wd5.myworkdayjobs.com/ensemblehealthpartnerscareers/job/Remote---Nationwide/Engineering-Excellence-Intern_R048023,,none,failed,,,,,,,2026-07-17T22:50:17Z,,unreviewed,simplify,2026-07-17T22:30:32Z
c49d403e-9c01-4e02-bbf3-31cbc36e6522,Ensemble Health Partners,Data Scientist Intern,https://ensemblehp.wd5.myworkdayjobs.com/ensemblehealthpartnerscareers/job/Remote---Nationwide/Data-Scientist--AI_R048077,,none,failed,,,,,,,2026-07-17T22:51:36Z,,unreviewed,simplify,2026-07-17T22:30:32Z
8e9a164a-393f-4f52-8c16-a283cc796352,Prudential Financial,Private Credit – Investment Analyst Program,https://pru.wd5.myworkdayjobs.com/Careers/job/Newark-NJ-USA/PGIM--2027-Private-Credit--Summer-Investment-Analyst-Program_R-124649-1,,none,failed,,,,,,,2026-07-17T22:53:30Z,,unreviewed,simplify,2026-07-17T22:30:32Z
94928190-a01b-4ff0-8068-4fad65af019c,Cincinnati Children’s Hospital and Medical Center,Student 2 - Data Management,https://cincinnatichildrens.wd5.myworkdayjobs.com/careersatcincinnatichildrens/job/Remote/Student-II---Data-Management_JR223363,https://web.archive.org/web/20260717150037/https://cincinnatichildrens.wd5.myworkdayjobs.com/careersatcincinnatichildrens/job/Remote/Student-II---Data-Management_JR223363,wayback,success,,,,,,,2026-07-17T15:01:01Z,,unreviewed,simplify,2026-07-17T14:30:31Z
f7eb1ce6-bd5a-46b6-844d-5b28bcebc3a1,GE Healthcare,Client Service Technician Apprentice,https://gehc.wd5.myworkdayjobs.com/GEHC_ExternalSite/job/Remote/Client-Service-Technician-Apprentice_R4043521-1,https://web.archive.org/web/20260717123044/https://gehc.wd5.myworkdayjobs.com/GEHC_ExternalSite/job/Remote/Client-Service-Technician-Apprentice_R4043521-1,wayback,success,,,,,,,2026-07-17T12:31:18Z,,unreviewed,simplify,2026-07-17T12:00:36Z
a8f12fe0-48d1-413b-8917-7a8890b19e5f,Prime Intellect,AI Research Resident - Open Source AGI,https://jobs.ashbyhq.com/PrimeIntellect/afa6079a-5a35-4f90-ba88-780e4d36112f/application?embed=true,https://web.archive.org/web/20260716100129/https://jobs.ashbyhq.com/PrimeIntellect/afa6079a-5a35-4f90-ba88-780e4d36112f/application?embed=true,wayback,success,,,,,,,2026-07-16T10:01:47Z,,unreviewed,simplify,2026-07-16T10:00:36Z
b2905e3d-2dad-4ffd-a2cc-2b8c1aa04707,RFCUNY,IT & Data Systems Intern - Archibus & Applications Development,https://rfcuny.wd108.myworkdayjobs.com/RFCUNY/job/New-York-NY/IT---Data-Systems-Intern--Archibus---Applications-Development-_JR3276,,none,failed,,,,,,,2026-07-16T01:33:24Z,,unreviewed,simplify,2026-07-16T01:30:32Z
abf4c581-31e3-4e0b-96a4-1451bdb4e8af,RFCUNY,IT & Data Systems Intern - Archibus & Applications Development,https://rfcuny.wd108.myworkdayjobs.com/RFCUNY/job/New-York-NY/IT---Data-Systems-Intern--Archibus---Applications-Development-_JR3277,,none,failed,,,,,,,2026-07-16T01:35:15Z,,unreviewed,simplify,2026-07-16T01:30:32Z
9f3c0656-6cef-4be9-9103-18c13986bef8,Revvity,Full-Stack AI Developer Intern,https://revvity.wd103.myworkdayjobs.com/External/job/CAD-Remote--ON/Full-Stack-AI-Developer-Intern_JR-044913,,none,failed,,,,,,,2026-07-16T01:37:13Z,,unreviewed,simplify,2026-07-16T01:30:32Z
f15eabeb-73d9-4a1d-b314-38d1600f8365,Compassion International,Monitoring & Evaluation for Accountability and Learning,https://compassion.wd5.myworkdayjobs.com/CompassionCareersPrivateLink/job/Remote---USA/Monitoring---Evaluation-for-Accountability-and-Learning--MEAL--Fellow_R8260-1,,none,failed,,,,,,,2026-07-15T23:31:16Z,,unreviewed,simplify,2026-07-15T23:00:50Z
a7d8ee7d-d813-4aac-afa0-b2cc56b8b7f6,DataRobot,Agentic AI Intern,https://datarobot.wd1.myworkdayjobs.com/en-US/DataRobot_External_Careers/job/Boston-Massachusetts-US/Agentic-AI-Intern_R-102729,,none,failed,,,,,,,2026-07-15T23:33:29Z,,unreviewed,simplify,2026-07-15T23:00:50Z
043d70c3-4576-4f40-bc1f-08885ba8ebc8,Jane Street,Linux Engineer,https://job-boards.greenhouse.io/janestreet/jobs/8626260002,,live,success,,,,,,,2026-07-15T23:33:33Z,,unreviewed,simplify,2026-07-15T23:00:50Z
1cb48f29-b8a3-47e1-98f2-1a2b893d0027,The Trade Desk,Software Engineering Intern,https://job-boards.greenhouse.io/thetradedesk/jobs/5187605007,,live,success,,,,,,,2026-07-15T23:33:36Z,2026-09-05T05:18:49Z,unreviewed,simplify,2026-07-15T23:00:50Z
e8b59897-2766-4ebd-907b-14e589a75372,Motorola,Data Engineering Co-op,https://motorolasolutions.wd5.myworkdayjobs.com/Careers/job/Ontario-Remote-Work/Data-Engineering-Co-Op_R65916,,none,failed,,,,,,,2026-07-15T23:35:28Z,,unreviewed,simplify,2026-07-15T23:00:50Z
255595f1-f6b4-4007-9563-647c8db7fae5,Motorola,Data Analyst Co-op,https://motorolasolutions.wd5.myworkdayjobs.com/Careers/job/Ontario-Remote-Work/Data-Analyst-Co-Op_R65918,,,pending,,,,,,,,,unreviewed,simplify,2026-07-15T23:00:50Z
47cd8fb3-de26-4b09-8e8d-0a17a36ce0d6,Revvity,Product Manager Intern,https://revvity.wd103.myworkdayjobs.com/External/job/CAD-Remote--ON/Product-Manager-Intern_JR-044907,,,pending,,,,,,,,,unreviewed,simplify,2026-07-15T23:00:50Z
365705d7-043e-406a-a42b-c1114d889dfb,Revvity,Full-Stack AI Developer Intern,https://revvity.wd103.myworkdayjobs.com/External/job/CAD-Remote--ON/Full-Stack-AI-Developer-Intern_JR-044782-1,,,pending,,,,,,,,,unreviewed,simplify,2026-07-15T23:00:50Z
f3aec7a7-c5eb-4dec-9f05-09219cea5333,Revvity,Full-Stack AI Developer Intern,https://revvity.wd103.myworkdayjobs.com/External/job/CAD-Remote--ON/Full-Stack-AI-Developer-Intern_JR-044912,https://web.archive.org/web/20260715223131/https://revvity.wd103.myworkdayjobs.com/External/job/CAD-Remote--ON/Full-Stack-AI-Developer-Intern_JR-044912,wayback,success,,,,,,,2026-07-15T22:32:04Z,,unreviewed,simplify,2026-07-15T22:30:30Z
aec4ad25-f3ea-4386-99cc-b24aaa5e5926,Revvity,Full-Stack AI Developer Intern,https://revvity.wd103.myworkdayjobs.com/External/job/CAD-Remote--ON/Full-Stack-AI-Developer-Intern_JR-044905,,none,failed,,,,,,,2026-07-15T22:33:29Z,,unreviewed,simplify,2026-07-15T22:30:30Z
8557ee50-9c1f-49e9-98b8-692547114b0a,Revvity,Product Manager Intern,https://revvity.wd103.myworkdayjobs.com/External/job/CAD-Remote--ON/Product-Manager-Intern_JR-044908-1,,none,failed,,,,,,,2026-07-15T22:34:35Z,,unreviewed,simplify,2026-07-15T22:30:30Z
bfbac627-9987-4efa-8b4f-0e2b108f660a,Revvity,Product Manager Intern,https://revvity.wd103.myworkdayjobs.com/External/job/CAD-Remote--ON/Product-Manager-Intern_JR-044906,https://web.archive.org/web/20260715223544/https://revvity.wd103.myworkdayjobs.com/External/job/CAD-Remote--ON/Product-Manager-Intern_JR-044906,wayback,success,,,,,,,2026-07-15T22:36:08Z,,unreviewed,simplify,2026-07-15T22:30:30Z
599919c9-248d-495b-a106-81088707bc82,Revvity,Full-Stack AI Developer Intern,https://revvity.wd103.myworkdayjobs.com/External/job/CAD-Remote--ON/Full-Stack-AI-Developer-Intern_JR-044915,,none,failed,,,,,,,2026-07-15T22:37:32Z,,unreviewed,simplify,2026-07-15T22:30:30Z
069e94c8-0ad8-44b9-9f03-5cd31a1154ff,Revvity,Full-Stack AI Developer Intern,https://revvity.wd103.myworkdayjobs.com/External/job/CAD-Remote--ON/Full-Stack-AI-Developer-Intern_JR-044914,,,pending,,,,,,,,,unreviewed,simplify,2026-07-15T22:30:30Z
28de39fe-563f-4b16-93f7-5d3bbbb04340,BlackRock,Global Product Intern,https://blackrock.wd1.myworkdayjobs.com/BlackRock_Early_Careers_Program/job/New-York-NY/XMLNAME-2027-Global-Product-Intern-New-York_R265170,,none,failed,,,,,,,2026-07-15T14:33:29Z,,unreviewed,simplify,2026-07-15T14:30:37Z
589e122b-8999-49a6-8442-c90ddb3b04bf,Five Rings Capital,Quantitative Trader Intern - Quantitative Trader,https://job-boards.greenhouse.io/fiveringsllc/jobs/5139668008,,live,success,,,,,,,2026-07-15T00:30:45Z,,unreviewed,simplify,2026-07-15T00:00:53Z
14baa8ae-f151-483f-b5e0-77ca5086d04e,Five Rings Capital,Software Developer Intern - Software Developer,https://job-boards.greenhouse.io/fiveringsllc/jobs/5349707008,,live,success,,,,,,,2026-07-15T00:30:49Z,,unreviewed,simplify,2026-07-15T00:00:53Z
c3433d6a-bf30-4d16-8e0f-5126b09236cf,Custom Computer Specialists,Developer Intern,https://job-boards.greenhouse.io/customcomputerspecialists/jobs/4221846009,,live,success,,,,,,,2026-07-15T00:30:52Z,,unreviewed,simplify,2026-07-15T00:00:53Z
25634961-9424-41ec-9553-925a6e400699,Five Rings Capital,Quantitative Researcher Intern,https://job-boards.greenhouse.io/fiveringsllc/jobs/5349219008,,live,success,,,,,,,2026-07-15T00:30:55Z,,unreviewed,simplify,2026-07-15T00:00:53Z
a7fdba37-efe3-4ac2-b779-bbc47aa7daee,General Atlantic,Investment Analyst,https://job-boards.greenhouse.io/generalatlantic/jobs/6115031004,,live,success,,,,,,,2026-07-15T00:30:59Z,,unreviewed,simplify,2026-07-15T00:00:53Z
ff8f09d6-f3c9-4203-b9c6-e0a36e4deabe,Cincinnati Children’s Hospital and Medical Center,Student 2 - AI/ML Governance,https://cincinnatichildrens.wd5.myworkdayjobs.com/careersatcincinnatichildrens/job/Remote/Student-II---AI-ML-Governance_JR223360,https://web.archive.org/web/20260714160227/https://cincinnatichildrens.wd5.myworkdayjobs.com/careersatcincinnatichildrens/job/Remote/Student-II---AI-ML-Governance_JR223360,wayback,success,,,,,,,2026-07-14T16:02:55Z,,unreviewed,simplify,2026-07-14T15:30:41Z
fcd24d2e-1552-4b2e-a939-87596e9177ce,Cincinnati Children’s Hospital and Medical Center,Student 2 - Software Engineering,https://cincinnatichildrens.wd5.myworkdayjobs.com/careersatcincinnatichildrens/job/Remote/Student-II---Software-Engineering_JR223359,,none,failed,,,,,,,2026-07-14T16:04:02Z,,unreviewed,simplify,2026-07-14T15:30:41Z
0565c6b8-b9c6-41d7-bb06-a8c9ff81ba74,Cincinnati Children’s Hospital and Medical Center,Student 2 - Software Engineering,https://cincinnatichildrens.wd5.myworkdayjobs.com/careersatcincinnatichildrens/job/Remote/Student-II---Software-Engineering_JR223357,https://web.archive.org/web/20260714144259/https://cincinnatichildrens.wd5.myworkdayjobs.com/careersatcincinnatichildrens/job/Remote/Student-II---Software-Engineering_JR223357,wayback,success,,,,,,,2026-07-14T14:43:26Z,,unreviewed,simplify,2026-07-14T14:30:45Z
fcbb295b-3dae-4af6-bd41-ec8b5d05a1ca,Jane Street,Data Engineering Intern,https://job-boards.greenhouse.io/janestreet/jobs/8631973002,,live,success,,,,,,,2026-07-14T01:46:41Z,,unreviewed,simplify,2026-07-14T01:30:45Z
e7fc3ab1-8a1d-4b71-b1aa-d3179e9244f9,DRW,Quantitative Research Intern,https://job-boards.greenhouse.io/drweng/jobs/7818540,,live,success,,,,,,,2026-07-13T23:30:51Z,,unreviewed,simplify,2026-07-13T23:00:58Z
090d8e00-5eb8-4424-bb40-6f344da58666,Southern New Hampshire University,Student Online Data Analytics Eco Rep,https://snhu.wd503.myworkdayjobs.com/External_Career_Site/job/Remote/Student---Online-Data-Analytics-Eco-Rep_R0014463,https://web.archive.org/web/20260713233055/https://snhu.wd503.myworkdayjobs.com/External_Career_Site/job/Remote/Student---Online-Data-Analytics-Eco-Rep_R0014463,wayback,success,,,,,,,2026-07-13T23:31:14Z,,unreviewed,simplify,2026-07-13T23:00:58Z
3be23f9f-b730-4b41-90d4-adf9e07a393a,Hudson River Trading,Algorithm Development Intern - Quant Research,https://www.hudsonrivertrading.com/careers/job/?gh_jid=8059837,,live,success,,,,,,,2026-07-13T23:31:18Z,,unreviewed,simplify,2026-07-13T23:00:58Z
e37131d1-d111-4bf1-8493-2e54ad4ced68,Hudson River Trading,Algorithm Development Intern - Quant Research,https://www.hudsonrivertrading.com/careers/job/?gh_jid=7964062,,live,success,,,,,,,2026-07-13T23:31:23Z,,unreviewed,simplify,2026-07-13T23:00:58Z
87235779-9531-4bf2-b265-6cc448aa0f35,Hudson River Trading,Software Engineer Intern - C++ or Python,https://www.hudsonrivertrading.com/careers/job/?gh_jid=8052083,,live,success,,,,,,,2026-07-13T23:31:27Z,,unreviewed,simplify,2026-07-13T23:00:58Z
3249364a-f140-41a7-8004-64618a2bdb78,Avaap,Student Reporting - Ams,https://avaap.wd501.myworkdayjobs.com/AvaapCareers/job/United-States-of-America/Student-Reporting---AMS_JR1132,,,pending,,,,,,,,,unreviewed,simplify,2026-07-13T23:00:58Z
b26e99d2-bf25-4846-aff8-7af0b8efe6a1,CVS Health,Associate Data Engineer – UG Intern Conversion,https://cvshealth.wd1.myworkdayjobs.com/Private_Postings_Intern_Conversion_ONLY/job/NY---New-York/Associate-Data-Engineer---UG-Intern-Conversion_R0972899,https://web.archive.org/web/20260713223153/https://cvshealth.wd1.myworkdayjobs.com/Private_Postings_Intern_Conversion_ONLY/job/NY---New-York/Associate-Data-Engineer---UG-Intern-Conversion_R0972899,wayback,success,,,,,,,2026-07-13T22:32:17Z,,unreviewed,simplify,2026-07-13T22:30:35Z
fdcce4dd-7800-4e80-bc0f-fa79d580e58c,Adaptive Security,AI Product Operations Intern,https://jobs.ashbyhq.com/adaptivesecurity/a941849b-bc2b-421d-b58c-bd76cfa31b1b/application,,none,failed,,,,,,,2026-07-13T22:34:07Z,,unreviewed,simplify,2026-07-13T22:30:35Z
d7612fa7-5009-43fc-a9d3-8f16c3478eb2,Jane Street,Hardware Engineer - FPGA/Asic,https://job-boards.greenhouse.io/janestreet/jobs/8624440002,,live,success,,,,,,,2026-07-10T23:30:38Z,,unreviewed,simplify,2026-07-10T23:00:48Z
3d5030c9-5b53-4ead-8664-250c3688b6ee,LexisNexis Risk Solutions,Editorial Data Reporting Intern,https://relx.wd3.myworkdayjobs.com/LexisNexisLegal/job/Home-based-Washington-DC/Editorial-Data-Reporting-Intern_R112971-1,,none,failed,,,,,,,2026-07-10T22:54:06Z,,unreviewed,simplify,2026-07-10T22:30:36Z
8d8f9605-6605-4474-9a61-7960df14b4a0,Hitachi Energy,Computer Vision Research & Development Engineer,https://hitachi.wd1.myworkdayjobs.com/hitachi/job/Remote---Berkshire-United-Kingdom/Computer-Vision-R-D-Engineer_R0128079,,none,failed,,,,,,,2026-07-10T15:02:49Z,,unreviewed,simplify,2026-07-10T14:30:34Z
1cf14ab5-bc9d-4842-9fb3-7f423c965a86,Cotiviti,AI Engineer Intern,https://careers-cotiviti.icims.com/jobs/19531/job?mobile=true&needsRedirect=false,,live,success,,,,,,,2026-07-09T23:30:43Z,,unreviewed,simplify,2026-07-09T23:00:44Z
17a2243a-f588-4ca1-887b-f97b5cf3acd3,Environmental Defense Fund,Climate & Health Intern,https://osv-edf.wd5.myworkdayjobs.com/en-US/Confidential/job/Remote---US-Home/Climate---Health-Intern_REQ-002561,https://web.archive.org/web/20260709224743/https://osv-edf.wd5.myworkdayjobs.com/en-US/Confidential/job/Remote---US-Home/Climate---Health-Intern_REQ-002561,wayback,success,,,,,,,2026-07-09T22:48:10Z,,unreviewed,simplify,2026-07-09T22:30:44Z
c5e8d6dd-ca17-4cde-89c3-e8da016a78e5,Eulerity,Digital Marketing Intern - Technical AI & Automation,https://job-boards.greenhouse.io/eulerity/jobs/4695806006,,live,success,,,,,,,2026-07-09T15:30:39Z,,unreviewed,simplify,2026-07-09T15:00:42Z
aede4467-5907-43aa-850b-9d6349575538,National Laboratory of the Rockies,Associate/Undergraduate Intern,https://nrel.wd5.myworkdayjobs.com/NLR/job/Remote/XMLNAME--Associate-Undergraduate--Intern---Carbon-Management-and-Large-Energy-Systems_R14405,,none,failed,,,,,,,2026-07-08T23:17:37Z,,unreviewed,simplify,2026-07-08T23:00:47Z
8990370a-d091-498f-98bb-082a18262cfa,Hone Health,Data Engineering Intern,https://job-boards.greenhouse.io/honehealth/jobs/5308958008,,live,success,,,,,,,2026-07-08T23:17:40Z,,unreviewed,simplify,2026-07-08T23:00:47Z
f5f1dcf1-49eb-4ce8-9868-0a412ac7b641,Ontic,Data Migration Analyst Intern,https://jobs.ashbyhq.com/Ontic/20af94c6-329e-45f5-b02b-4be582b5dee3/application,https://web.archive.org/web/20260708231904/https://jobs.ashbyhq.com/Ontic/20af94c6-329e-45f5-b02b-4be582b5dee3/application,wayback,success,,,,,,,2026-07-08T23:19:23Z,,unreviewed,simplify,2026-07-08T23:00:47Z
95a232c5-f611-4960-ab8f-79fcd25db5f2,Flow Traders,Quantitative Trading Intern,https://job-boards.greenhouse.io/flowtraders/jobs/8047166,,,pending,,,,,,,,,unreviewed,simplify,2026-07-08T23:00:47Z
7dde25d1-45b9-4f21-b627-cae44898fbb3,Jump Trading,AI Research Engineer Intern - Research Automation,https://boards.greenhouse.io/embed/job_app?token=8052351,,live,success,,,,,,,2026-07-08T23:30:57Z,,unreviewed,simplify,2026-07-08T23:00:47Z
9d14590b-3922-4c2d-a411-04bbe025a5bc,Jump Trading,AI Research Engineer Intern,https://boards.greenhouse.io/embed/job_app?token=8052281,,live,success,,,,,,,2026-07-08T23:31:00Z,,unreviewed,simplify,2026-07-08T23:00:47Z
807f7a33-061f-4c85-9cf4-1d8edfa19135,Jump Trading,Campus Quantitative Researcher Intern,https://boards.greenhouse.io/embed/job_app?token=7982648,,live,success,,,,,,,2026-07-08T23:31:03Z,,unreviewed,simplify,2026-07-08T23:00:47Z
45cb500e-6cea-48a1-941e-f33226a37036,Jump Trading,Campus Quantitative Trader Intern,https://boards.greenhouse.io/embed/job_app?token=7848371,,live,success,,,,,,,2026-07-08T23:31:07Z,,unreviewed,simplify,2026-07-08T23:00:47Z
034a8e4e-0595-4935-943e-bb805676a5d2,Jump Trading,Campus Quantitative Researcher Intern - PhD,https://boards.greenhouse.io/embed/job_app?token=8049938,,live,success,,,,,,,2026-07-08T23:31:10Z,,unreviewed,simplify,2026-07-08T23:00:47Z
5cbbf737-ec58-4199-bd17-62438749ebc9,Jump Trading,Campus AI Research Engineer Intern - Deep Learning,https://boards.greenhouse.io/embed/job_app?token=8052338,,live,success,,,,,,,2026-07-09T00:01:10Z,,unreviewed,simplify,2026-07-08T23:00:47Z
268262ab-3056-48bd-a78d-3fe70d2fb886,Datasite,AI Transformation / Forward Deployed Engineer Intern - Forward Deployed Engineer,https://datasite.wd1.myworkdayjobs.com/datasite/job/USA---NY---New-York-City/AI-Transformation---Forward-Deployed-Engineer--FDE--Intern_R36255,,none,failed,,,,,,,2026-07-08T23:13:13Z,,unreviewed,simplify,2026-07-08T22:30:43Z
f6cb85ff-6c83-4b8d-b3eb-d0ae180c4820,DTCC,Product Management Intern,https://ebxr.fa.us2.oraclecloud.com/hcmUI/CandidateExperience/en/sites/CX_1/job/214160,https://web.archive.org/web/20260708231443/https://ebxr.fa.us2.oraclecloud.com/hcmUI/CandidateExperience/en/sites/CX_1/job/214160,wayback,success,,,,,,,2026-07-08T23:15:00Z,,unreviewed,simplify,2026-07-08T22:30:43Z
4b968d7d-6734-4e0b-b21f-d1b8a7968640,Jane Street,Trading Desk Operations Engineer,https://job-boards.greenhouse.io/janestreet/jobs/8621450002,,live,success,,,,,,,2026-07-07T23:00:49Z,,unreviewed,simplify,2026-07-07T23:00:34Z
af41c8d1-6670-4cbb-9111-9204ac3a4da9,Citadel,Quantitative Trader: Equity Quantitative Research Intern,https://www.citadel.com/careers/details/quantitative-trader-equity-quantitative-research-intern-us/,,none,failed,,,,,,,2026-07-07T22:32:31Z,,unreviewed,simplify,2026-07-07T22:30:38Z
2ec22e8c-8004-46f2-943c-b71ca142908f,TDS,GIS Intern,https://external-telecom-teldta.icims.com/jobs/29612/job?mobile=true&needsRedirect=false,,live,success,,,,,,,2026-07-07T22:32:34Z,,unreviewed,simplify,2026-07-07T22:30:38Z
ae7fd66d-2ccb-4c86-894b-f1f097cff21c,Marshall Wace,Technology Intern,https://job-boards.greenhouse.io/mwinternshipprogram/jobs/8606238002,,live,success,,,,,,,2026-07-07T22:32:37Z,,unreviewed,simplify,2026-07-07T22:30:38Z
4040c08e-acb6-48dd-b6cd-43c4aede894c,AlixPartners,Data Scientist Intern,https://www.alixpartners.com/careers/7725335003?gh_jid=7725335003,,live,success,,,,,,,2026-07-06T23:30:42Z,2026-09-05T05:18:49Z,unreviewed,simplify,2026-07-06T23:00:41Z
f59e5b11-d1a0-4afa-ac2f-9c1e54ef6179,Ada,Software Engineer Intern,https://job-boards.greenhouse.io/ada18/jobs/5180710007,,live,success,,,,,,,2026-07-06T23:30:45Z,,unreviewed,simplify,2026-07-06T23:00:41Z
767f1b1b-9676-407d-99db-e3582821b87a,Jane Street,Quantitative Researcher Intern,https://job-boards.greenhouse.io/janestreet/jobs/8498547002,,live,success,,,,,,,2026-07-06T23:30:48Z,,unreviewed,simplify,2026-07-06T23:00:41Z
626bb7ad-7fc6-4fd0-99cd-31a7fb23cef3,Jane Street,Software Engineering Intern,https://job-boards.greenhouse.io/janestreet/jobs/8419303002,,live,success,,,,,,,2026-07-06T23:30:52Z,,unreviewed,simplify,2026-07-06T23:00:41Z
4770a4e3-28be-40d7-b5a2-700c0307960d,Jane Street,Software Engineer,https://job-boards.greenhouse.io/janestreet/jobs/8599644002,,live,success,,,,,,,2026-07-06T23:30:55Z,,unreviewed,simplify,2026-07-06T23:00:41Z
24534a41-4bd7-4c4d-9ae9-8eb9bbc7c79c,Jane Street,Machine Learning Researcher,https://job-boards.greenhouse.io/janestreet/jobs/8384490002,,,pending,,,,,,,,,unreviewed,simplify,2026-07-06T23:00:41Z
02295591-882e-4a5b-a71f-dd90219ec024,Jane Street,Sales and Trading,https://job-boards.greenhouse.io/janestreet/jobs/8347385002,,,pending,,,,,,,,,unreviewed,simplify,2026-07-06T23:00:41Z
7a155542-8f46-4f7b-8366-966fcea9c221,Jane Street,Machine Learning Engineer,https://job-boards.greenhouse.io/janestreet/jobs/8611307002,,,pending,,,,,,,,,unreviewed,simplify,2026-07-06T23:00:41Z
33b81d4d-2080-4016-b2af-33d8a690356f,Jane Street,Quantitative Trader,https://job-boards.greenhouse.io/janestreet/jobs/8617344002,,,pending,,,,,,,,,unreviewed,simplify,2026-07-06T23:00:41Z
f828e5b4-9ccb-4b61-bb2c-d55a088b45f4,Citadel,Quantitative Trader Equities Quantitative Research Intern,https://www.citadel.com/careers/details/quantitative-trader-equities-quantitative-research-intern-us/,,none,failed,,,,,,,2026-07-06T10:03:16Z,,unreviewed,simplify,2026-07-06T09:30:31Z
5f7e1e45-9de0-4e8b-a12a-1a068acf36cc,Citadel Securities,Quantitative Research Analyst Intern,https://www.citadelsecurities.com/careers/details/quantitative-research-analyst-intern-us/,https://web.archive.org/web/20260706100045/https://www.citadelsecurities.com/careers/details/quantitative-research-analyst-intern-us/,wayback,success,,,,,,,2026-07-06T10:01:02Z,,unreviewed,simplify,2026-07-06T09:30:31Z
5d95fbd7-3bfc-46bc-8fd9-9f014b6308ed,Citadel Securities,Designated Market Maker Intern - Designated Market Maker - Trader,https://www.citadelsecurities.com/careers/details/designated-market-maker-dmm-trader-intern-us/,,none,failed,,,,,,,2026-07-06T07:01:30Z,,unreviewed,simplify,2026-07-06T06:30:33Z
119372b9-773c-43f5-a19e-c61469564529,Citadel Securities,Credit & Rates Rotational Trader Intern,https://www.citadelsecurities.com/careers/details/credit-rates-rotational-trader-intern-us/,,none,failed,,,,,,,2026-07-06T07:02:29Z,,unreviewed,simplify,2026-07-06T06:30:33Z
79ceb913-ca59-4a50-9fa9-18c378d86c3e,Citadel,Trader: Fixed Income & Macro Intern,https://www.citadel.com/careers/details/trader-fixed-income-macro-intern-us/,,none,failed,,,,,,,2026-07-06T07:03:33Z,,unreviewed,simplify,2026-07-06T06:30:33Z
88d4320b-8cb5-44fc-b2ec-b7601a389436,Citadel Securities,Quantitative Trader Intern,https://www.citadelsecurities.com/careers/details/quantitative-trader-intern-us/,https://web.archive.org/web/20260706070339/https://www.citadelsecurities.com/careers/details/quantitative-trader-intern-us/,wayback,success,,,,,,,2026-07-06T07:04:02Z,,unreviewed,simplify,2026-07-06T06:30:33Z
48327e8c-a8f7-4339-83a4-019ef774f663,Citadel,Quantitative Research Analyst Intern,https://www.citadel.com/careers/details/quantitative-research-analyst-intern-us/,,none,failed,,,,,,,2026-07-06T07:05:53Z,,unreviewed,simplify,2026-07-06T06:30:33Z
f48a8b1a-b2ba-48ce-becd-612e1c0a2198,Tower Research Capital,Quantitative Trader Intern,https://www.tower-research.com/open-positions/?gh_jid=8024138,,live,success,,,,,,,2026-07-05T23:30:31Z,,unreviewed,simplify,2026-07-05T23:00:32Z
a619c6de-ef67-4039-af21-31cf505b8ee2,Tower Research Capital,Quantitative Trader Intern,https://www.tower-research.com/open-positions/?gh_jid=8024128,,live,success,,,,,,,2026-07-05T23:30:34Z,,unreviewed,simplify,2026-07-05T23:00:32Z
9d506d4e-91ee-4f46-bda5-4ab9b5dddf55,Tower Research Capital,Quantitative Developer Intern,https://www.tower-research.com/open-positions/?gh_jid=8044334,,live,success,,,,,,,2026-07-05T23:30:37Z,,unreviewed,simplify,2026-07-05T23:00:32Z
366c2106-60ad-48af-b7c0-95537c275a17,Output Biosciences,Research Intern - Machine Learning,https://jobs.ashbyhq.com/output/da2723ca-a418-49f1-b7da-a4f383dd8239/application,https://web.archive.org/web/20260704100037/https://jobs.ashbyhq.com/output/da2723ca-a418-49f1-b7da-a4f383dd8239/application,wayback,success,,,,,,,2026-07-04T10:00:57Z,,unreviewed,simplify,2026-07-04T09:30:31Z
da2a97f8-9827-4fe9-a716-a33f244952bc,Eulerity,Website Development & Content Marketing Intern - AI & Automation,https://job-boards.greenhouse.io/eulerity/jobs/4694300006,,live,success,,,,,,,2026-07-03T15:30:26Z,,unreviewed,simplify,2026-07-03T15:00:34Z
b80b54aa-fe0f-4421-9c51-fe418ac5fa01,Rise8,Skillbridge Intern - Product Manager,https://job-boards.greenhouse.io/rise8/jobs/4359627007,,live,success,,,,,,,2026-07-03T02:30:25Z,,unreviewed,simplify,2026-07-03T02:00:48Z
35880e25-246d-4a52-9e52-2241407852fd,Two Six Technologies,China Subject Matter Expert Intern,https://job-boards.greenhouse.io/twosixtechnologies/jobs/6105290004,,live,success,,,,,,,2026-07-02T23:30:28Z,,unreviewed,simplify,2026-07-02T23:01:00Z
38fae718-2ebc-4e97-af8f-e135cff957b4,Kpler,Quantitative Data Scientist,https://jobs.lever.co/kpler/2c127e67-55ee-48eb-823e-d49f5fb207ec/apply,,live,success,,,,,,,2026-07-02T23:30:31Z,,unreviewed,simplify,2026-07-02T23:01:00Z
8c3c4866-6c14-4ec0-bc29-3ce391b4bea3,Traackr,Software Engineer Intern - Internal Tooling,https://jobs.lever.co/traackr/9d884d26-018c-45b2-8cfb-f17d29d4e688/apply,,live,success,,,,,,,2026-07-02T22:34:43Z,,unreviewed,simplify,2026-07-02T22:30:32Z
28ba42da-8a23-42a0-8f6c-e867d40c6e48,TDS,GIS Intern,https://external-telecom-teldta.icims.com/jobs/29604/job?mobile=true&needsRedirect=false,,live,success,,,,,,,2026-07-02T15:30:32Z,,unreviewed,simplify,2026-07-02T15:00:31Z
a296d107-a3c9-4996-98c4-581930edc8df,Optiver,Quantitative Research Intern,https://www.optiver.com/join-us/jobs/8451782002/?gh_jid=8451782002,,live,success,,,,,,,2026-07-01T23:00:28Z,,unreviewed,simplify,2026-07-01T22:30:29Z
8429362a-1d03-4406-8ab4-86f7dd0754b2,Crowdstrike,Intelligence Intern,https://crowdstrike.wd5.myworkdayjobs.com/crowdstrikecareers/job/USA---Remote/Intelligence-Intern---Fall-2026--Remote-_R29214,,none,failed,,,,,,,2026-07-01T11:01:16Z,,unreviewed,simplify,2026-07-01T10:30:37Z
ea21f599-680e-4822-8289-fe0af38a4bfe,Palantir,Privacy and Civil Liberties Software Engineer Intern,https://jobs.lever.co/palantir/09846827-b931-4a9f-bd64-c3bb8860187b/apply,,live,success,,,,,,,2026-07-01T06:00:33Z,,unreviewed,simplify,2026-07-01T05:30:49Z
9ef328e9-1153-41e5-a037-2d1748c0288c,Binance,Software Engineer Intern,https://jobs.ashbyhq.com/binance.us/c23e9aa3-0daa-4170-a5a7-b03aaa031895/application,https://web.archive.org/web/20260701053027/https://jobs.ashbyhq.com/binance.us/c23e9aa3-0daa-4170-a5a7-b03aaa031895/application,wayback,success,,,,,,,2026-07-01T05:30:51Z,,unreviewed,simplify,2026-07-01T05:00:34Z
79204fa0-81f5-4295-96d3-0a63bb614715,Outmarket AI,AI Software Engineer Intern,https://jobs.ashbyhq.com/outmarket/8d192421-2422-42f5-854f-6a0765a949da/application,,none,failed,,,,,,,2026-07-01T05:32:24Z,,unreviewed,simplify,2026-07-01T05:00:34Z
4ecd563d-7e5c-4be4-9a0f-b2b33e9bf6bc,F. Schumacher & Co.,Product Data Strategy and Operations Intern,https://job-boards.greenhouse.io/fschumacherco/jobs/5279316008,,live,success,,,,,,,2026-07-01T05:32:27Z,,unreviewed,simplify,2026-07-01T05:00:34Z
5046a684-049e-42fa-ad93-7d21aeed4084,Persistent Systems,Hardware Engineer Intern,https://careers-persistentsystems.icims.com/jobs/2270/job?mobile=true&needsRedirect=false,,live,success,,,,,,,2026-07-01T05:32:30Z,,unreviewed,simplify,2026-07-01T05:00:34Z
2ed62ebe-2d2b-4ccb-bf87-d9a76e9209fa,InfiniteQuant,Quantitative Researcher Intern,https://jobs.smartrecruiters.com/InfiniteQuant/744000129235439,,live,success,,,,,,,2026-07-01T05:32:34Z,,unreviewed,simplify,2026-07-01T05:00:34Z
4d6d9d8d-ef9c-4af6-98d5-d441afd6ea36,RFCUNY,Fullstack Web Development Peer Tutor,https://rfcuny.wd108.myworkdayjobs.com/RFCUNY/job/New-York-NY/Fullstack-Web-Development-Peer-Tutor_JR2051,,,pending,,,,,,,,,unreviewed,simplify,2026-07-01T05:00:34Z
99b96750-4604-4ae8-8e56-d3c3287cc493,Persistent Systems,Embedded Software Engineer Intern,https://careers-persistentsystems.icims.com/jobs/2272/job?mobile=true&needsRedirect=false,,,pending,,,,,,,,,unreviewed,simplify,2026-07-01T05:00:34Z
8febf19c-cdf5-437d-bf7b-f5d9d35987ea,Susquehanna International Group (SIG),Quantitative Systematic Trading Intern - PhD,https://careers-sig.icims.com/jobs/10822/job?mobile=true&needsRedirect=false,,,pending,,,,,,,,,unreviewed,simplify,2026-07-01T05:00:34Z
6f017171-74b9-4619-a761-d93250479626,Susquehanna International Group (SIG),Quantitative Research Intern,https://careers-sig.icims.com/jobs/10820/job?mobile=true&needsRedirect=false,,,pending,,,,,,,,,unreviewed,simplify,2026-07-01T05:00:34Z
12c027ac-4d4e-436f-8165-633a717cc12a,Susquehanna International Group (SIG),Quantitative Research Intern,https://careers-sig.icims.com/jobs/10818/job?mobile=true&needsRedirect=false,,live,success,,,,,,,2026-07-01T05:00:34Z,,unreviewed,simplify,2026-07-01T04:30:46Z
e48da94e-987a-48e6-a34c-82e0558ae8bb,Rise8,Software Engineer Intern - Software Engineer,https://job-boards.greenhouse.io/rise8/jobs/4359623007,,live,success,,,,,,,2026-07-01T05:00:37Z,,unreviewed,simplify,2026-07-01T04:30:46Z
9c647182-768d-410f-acf7-e162259bd5f2,ACLU Kentucky,Undergraduate Intern - Technology and Analytics Department-Educate Pod,https://job-boards.greenhouse.io/acluinternships/jobs/8612266002,,live,success,,,,,,,2026-07-01T05:00:41Z,,unreviewed,simplify,2026-07-01T04:30:46Z
f000f27d-73d5-4c3f-9e46-7aa5d75a235a,Phamily,Machine Learning Intern,https://job-boards.greenhouse.io/jobsatphamily/jobs/5281239008,,live,success,,,,,,,2026-07-01T05:00:44Z,,unreviewed,simplify,2026-07-01T04:30:46Z
fd11d261-e3de-44d6-b3fa-d08465e79bbd,Sony,Research on Generative and Protective AI for Content Creation Intern,https://sonyglobal.wd1.myworkdayjobs.com/SonyGlobalCareers/job/Remote---New-York/Research-Intern-on-Generative-and-Protective-AI-for-Content-Creation_JR-119335,,none,failed,,,,,,,2026-07-01T05:02:35Z,,unreviewed,simplify,2026-07-01T04:30:46Z
8ce746f2-4dd9-4c00-bfee-754334ef88ec,RFCUNY,Data Analyst Intern,https://rfcuny.wd108.myworkdayjobs.com/RFCUNY/job/New-York-NY/Data-Analyst-Intern_JR2987,,,pending,,,,,,,,,unreviewed,simplify,2026-07-01T04:30:46Z
3cb15cd2-4921-403c-adee-e05fb84c6dda,Susquehanna International Group (SIG),Quantitative Trader Intern,https://careers-sig.icims.com/jobs/10718/job?mobile=true&needsRedirect=false,,,pending,,,,,,,,,unreviewed,simplify,2026-07-01T04:30:46Z
6c4405d5-c008-48ab-bb63-5f8f77ba0777,Elanco,Special Projects Associate - Sustainability Data Monitoring,https://elanco.wd5.myworkdayjobs.com/en-US/External_Career/job/US-Territory-Field-based/Special-Projects-Associate---Sustainability-Data-Monitoring_R0026251,,,pending,,,,,,,,,unreviewed,simplify,2026-07-01T04:30:46Z
661c72d1-3246-4a68-a747-e850c8abb675,Sedgwick Claims Management Services,Data Analyst Intern,https://sedgwick.wd1.myworkdayjobs.com/en-US/Sedgwick/job/Telecommuter-TX/Data-Analyst_R75316,,,pending,,,,,,,,,unreviewed,simplify,2026-07-01T04:30:46Z
5a8f88cd-754a-4346-9ce0-61112aaec6f7,Point C,Data Science AI Intern,https://job-boards.greenhouse.io/pointc/jobs/5236086008,,,pending,,,,,,,,,unreviewed,simplify,2026-07-01T04:30:46Z
55723c85-bd8c-4d95-be54-2a6851a48b6c,Susquehanna International Group (SIG),Quantitative Systematic Trading Intern,https://careers-sig.icims.com/jobs/10824/job?mobile=true&needsRedirect=false,,,pending,,,,,,,,,unreviewed,simplify,2026-07-01T04:30:46Z
6470fc04-154d-4d53-9a4c-9f69aaba3aaf,Susquehanna International Group (SIG),Quantitative Systematic Trader,https://careers-sig.icims.com/jobs/11022/job?mobile=true&needsRedirect=false,,,pending,,,,,,,,,unreviewed,simplify,2026-07-01T04:30:46Z
72197bee-e9b3-4978-88cd-1cc51ba6254c,TDS,Software Engineer Intern,https://external-telecom-teldta.icims.com/jobs/29561/job?mobile=true&needsRedirect=false,,live,success,,,,,,,2026-06-26T17:00:29Z,,unreviewed,simplify,2026-06-26T16:30:47Z
8d2a893d-cc95-4040-b7bb-e75752d54b61,Phamily,Business Intelligence & Data Analytics Intern - Undergraduate,https://job-boards.greenhouse.io/jobsatphamily/jobs/5281446008,https://archive.is/LjhaM,manual,success,,,,,,,2026-06-25T04:30:28Z,,unreviewed,simplify,2026-06-25T04:00:31Z
3b16aba4-17cf-4636-b0fa-03bc53122db2,VetsEZ,Full Stack Developer Intern,https://vetsez.breezy.hr/p/a4010fdb3a7001-full-stack-developer-intern-remote-opportunity,https://archive.is/UFsNV,manual,success,,,,,,,2026-06-24T00:30:24Z,,unreviewed,simplify,2026-06-24T00:10:46Z
c3e5404d-596e-4408-ba27-d60a17fb1680,MyEmployment,AI Product Engineer Intern,https://jobs.gusto.com/postings/myemployment-llc-ai-product-engineer-intern-c08d7fd3-115e-46ad-a46f-6c4be1f77263,https://archive.is/NsMqp,manual,success,,,,,,,2026-06-23T14:02:23Z,,unreviewed,simplify,2026-06-23T13:45:49Z
ac9a60d7-eb51-4cbb-af68-97f00839f454,Muru,Full-Stack Software Engineer Intern,https://www.murumed.com/job-listings/web-software-engineer-intern,https://archive.is/SMNOp,manual,success,,,,,,,2026-06-23T14:01:17Z,,unreviewed,simplify,2026-06-23T13:41:57Z
b7ecf859-e102-435c-ad58-a6bb88c51c60,Muru,Mobile Software Engineer Intern,https://www.murumed.com/job-listings/software-engineer-intern,https://archive.is/cgSt8,manual,success,,,,,,,2026-06-23T14:01:14Z,,unreviewed,simplify,2026-06-23T13:40:35Z
3d10c362-0c0a-4092-936e-46903e7fea25,Niural,Product Design Intern,https://jobs.ashbyhq.com/niural/d20af572-03b9-4f2a-8476-53c34203b2bc,https://archive.is/qxD6o,manual,success,,,,,,,2026-06-23T14:01:11Z,,unreviewed,simplify,2026-06-23T13:38:29Z
c9806a4c-cba2-46f3-82e7-06146c2bd5de,Eulerity,Web Development Engineer Intern,https://job-boards.greenhouse.io/eulerity/jobs/4691224006,https://archive.is/qW5vh,manual,success,,,,,,,2026-06-23T07:42:25Z,,unreviewed,simplify,2026-06-23T07:00:39Z
32857daf-ccf6-4d4d-97af-f9a7b5b5555e,Simple Technology Solutions,AI & Data Engineering Apprentice,https://job-boards.greenhouse.io/simpletechnologysolutions/jobs/6099047004,https://archive.is/mZcLG,manual,success,,,,,,,2026-06-23T00:00:33Z,,unreviewed,simplify,2026-06-22T23:30:35Z
b329a355-37a2-4a60-8ff5-bc9b42bf00c0,1Password,Developer Intern - Service Development,https://jobs.ashbyhq.com/1password/b6b8c8ed-ff1c-4bc2-9dbe-5122207ea3a2/application,https://archive.is/DX8lB,manual,success,,Software Engineering | Cybersecurity,Open to All,Open to All Degrees,Go | gRPC | REST APIs | Git | GitLab | CI/CD,English,2026-06-19T03:30:49Z,,reviewed,simplify,2026-06-19T03:00:27Z
588cfac9-5805-441a-aa5f-abe232f61af6,Leidos,Data Analytics Intern,https://leidos.wd5.myworkdayjobs.com/External/job/6314-RemoteTeleworker-US/Data-Analytics-Intern_R-00185665,https://archive.is/4Y8hT,manual,success,,Data Analysis,Junior | Senior,BS/BA Required,Power BI | PowerApps | Power Automate | Power Query | Excel | Oracle Analytics Cloud | Salesforce | SharePoint,English,2026-06-19T00:13:42Z,,reviewed,simplify,2026-06-19T00:00:27Z
5a68ce5f-816a-422c-99ab-76aaed1f7303,Bugcrowd,Engineering Intern,https://boards.greenhouse.io/bugcrowd/jobs/8016582,https://archive.is/5f5S9,manual,success,,Software Engineering | Cybersecurity,Senior,BS/BA Required,Python | Java | Kotlin | JavaScript | TypeScript | Django | DRF | React | Git | GitHub | AWS,English,2026-06-19T00:00:30Z,,reviewed,simplify,2026-06-18T23:30:28Z
0af455a3-1eae-4e10-b7f9-e53dc338fe68,TDS,GIS Intern,https://external-telecom-teldta.icims.com/jobs/29516/job?mobile=true&needsRedirect=false,https://archive.is/mXzBQ,manual,success,,Data Analysis,Open to All,Open to All Degrees,GIS | GIS applications | map products | GIS analysis | query operations,English,2026-06-19T00:00:34Z,,reviewed,simplify,2026-06-18T23:30:28Z
01c11e49-08a4-4fd8-b1ba-0073c39723df,Crowdstrike,Intelligence Launch Intern,https://crowdstrike.wd5.myworkdayjobs.com/crowdstrikecareers/job/USA---Remote/Intelligence-Launch-Intern---Summer-2026--Remote-_R26263,https://archive.is/epfSJ,manual,success,,Data Analysis | Cybersecurity,Sophomore,BS/BA Required,Cyber threat intelligence | malware analysis | network infrastructure | OSINT | malware sandboxes | CNO tracking | report writing,English,2026-06-18T03:03:15Z,,reviewed,simplify,2026-06-18T02:30:27Z
36e30f4d-f208-49e7-b220-df4872f5af7b,iHerb,Software Development Intern,https://job-boards.greenhouse.io/iherb/jobs/7776154003,https://archive.is/lQmLd,manual,success,,Software Engineering,Open to All,BS/BA Required | MS Required,C# | Java | .NET | ASP MVC | ReactJS | React Native | REST APIs | Docker | Kubernetes | RabbitMQ | Kafka | Redis | SQL | Prometheus | Grafana | OpenTelemetry | Android,English,2026-06-18T03:03:18Z,,reviewed,simplify,2026-06-18T02:30:27Z
6b3d598d-b62f-4c2f-82ac-d5a858cb7e83,Consensus Cloud Solutions,Sales Strategy & Analytics Intern,https://consensus.com/careers/jobs/?gh_jid=4688215006,https://archive.is/T5WRn,manual,success,,Data Analysis,Senior | Grad Student,BS/BA Required | MS Required,SQL | Salesforce | Excel | Google Sheets | dashboards | sales analytics | revenue modeling | market analysis,English,2026-06-18T01:00:31Z,,reviewed,simplify,2026-06-18T00:30:27Z
1c5d2214-7ef5-428f-8804-fb1dfbb397d4,1Password,Developer Intern - Open Source,https://jobs.ashbyhq.com/1password/81323adf-cf08-45af-a1df-da91c3a052ae/application,https://archive.is/xRy5m,manual,success,,Software Engineering | Cybersecurity,Open to All,Open to All Degrees,Git | VS Code | Cursor | IDE plugins | SDKs | CLIs | developer tooling | open source | agentic IDEs,English,2026-06-18T00:34:21Z,,reviewed,simplify,2026-06-18T00:00:27Z
9248167b-4579-41b8-b99e-b3232dde0784,Eulerity,Product Marketing Intern,https://job-boards.greenhouse.io/eulerity/jobs/4689231006,https://archive.is/2QGlO,manual,success,,Data Analysis | Machine Learning / AI | Product Management,Open to All,Open to All Degrees,AI workflows | Excel | Google Sheets | VLOOKUP | pivot tables | attribution modeling | lead scoring | campaign analytics | LinkedIn targeting,English,2026-06-17T16:30:38Z,,reviewed,simplify,2026-06-17T16:00:33Z
6200c443-ced9-4868-902f-2ba885ed5c02,Viking Global,Execution Research Fellow,https://job-boards.greenhouse.io/vikingglobalinvestors/jobs/6005845004,https://archive.is/dJaYK,manual,success,,,Grad Student,MS Required,,English,2026-06-17T04:30:28Z,,reviewed,simplify,2026-06-17T03:30:26Z
e18b613e-4960-458a-950c-31a675aacf04,Cotiviti,Agentic AI Research Intern,https://careers-cotiviti.icims.com/jobs/19416/job?mobile=true&needsRedirect=false,https://archive.ph/GsIW5,archive.ph,success,,Data Engineering | Data Science | Machine Learning / AI,Grad Student,MS Required,LLMs | RAG | LLM fine-tuning | generative AI | agentic AI | vector databases | vector embeddings | ML | deep learning | AWS | Azure | data pipelines,English,2026-06-17T01:00:30Z,,reviewed,simplify,2026-06-17T00:30:32Z
9fb8df8a-a9a7-4ceb-82e5-cfeeb37485ec,Astronomer,GTM Engineer Intern,https://jobs.ashbyhq.com/astronomer/24262c87-1c1e-4815-b008-854f921450a8/application,https://archive.is/NMrQ1,manual,success,,Software Engineering | Data Engineering | Machine Learning / AI,Open to All,BS/BA Required | MS Required,Python | Go | React | TypeScript | LLM APIs | AI agents | automation workflows | Apache Airflow | data engineering,English,2026-06-17T00:23:55Z,,reviewed,simplify,2026-06-17T00:00:26Z
24211227-397f-490d-9c1c-6296637f8a78,The Campbell's Company,Agentic AI Engineer Co-op,https://campbellsoup.wd5.myworkdayjobs.com/externalcareers_globalsite/job/USA---Remote/Agentic-AI-Engineer-Co-Op_Req-66015,https://archive.is/KVqqc,manual,success,,Software Engineering | Data Engineering | Machine Learning / AI,Open to All,Open to All Degrees,Python | Java | C# | LLMs | RAG | LangChain | AutoGen | CrewAI | Semantic Kernel | Azure | AWS | CI/CD,English,2026-06-17T00:02:57Z,,reviewed,simplify,2026-06-16T23:30:25Z
8a8be319-8f4e-4ed9-b285-2ede84563e07,The Campbell's Company,Agentic AI Engineer Co-op,https://campbellsoup.wd5.myworkdayjobs.com/externalcareers_globalsite/job/USA---Remote/Agentic-AI-Engineer-Co-Op_Req-66014,https://archive.is/cMyEz,manual,success,,Software Engineering | Data Engineering | Machine Learning / AI,Open to All,Open to All Degrees,Python | Java | C# | LLMs | RAG | LangChain | AutoGen | CrewAI | Semantic Kernel | Azure | AWS | CI/CD,English,2026-06-17T00:05:32Z,,reviewed,simplify,2026-06-16T23:30:25Z
51390559-49b8-46aa-8e77-cb2b750241cc,Rho,Talent Engineer Intern,https://jobs.ashbyhq.com/rho/18da5bcb-aabe-424e-a9d1-e2e1c5abc2b1/application,https://web.archive.org/web/20260616223100/https://jobs.ashbyhq.com/rho/18da5bcb-aabe-424e-a9d1-e2e1c5abc2b1/application,wayback,success,,Software Engineering | Data Science | Machine Learning / AI,Senior | Grad Student,Open to All Degrees,AI tooling | Claude | Cursor | agents | automation | resume parsing | structured data extraction | scheduling automation | feedback loops,English,2026-06-16T22:31:22Z,,reviewed,simplify,2026-06-16T22:00:31Z
b67257f3-472b-4d81-a8a1-0c2ef4d6ced0,By Light Professional IT Services,Artificial Intelligence Intern,https://jobs-bylight.icims.com/jobs/11083/job?mobile=true&needsRedirect=false,https://archive.is/KuyId,manual,success,,Software Engineering | Machine Learning / AI,Open to All,BS/BA Required | MS Required,HTML | CSS | JavaScript | React | Angular | REST APIs | Git | Agile | Docker | data visualization,English,2026-06-16T21:00:44Z,,reviewed,simplify,2026-06-16T20:30:40Z
a67f3d7e-403e-4ae0-8608-1af033714104,Eulerity,Web Development Engineer Intern,https://job-boards.greenhouse.io/eulerity/jobs/4689194006,https://archive.is/7Fi90,manual,success,,Software Engineering,Open to All,BS/BA Required,React | TypeScript | HTML | CSS | Java | and JavaScript,English,2026-06-13T02:00:29Z,,reviewed,simplify,2026-06-13T01:30:29Z
5c99289c-7083-430e-9511-14fa13015733,Arine,Full Stack Engineer Intern,https://job-boards.greenhouse.io/arine/jobs/6026856004,https://archive.ph/7u3Th,archive.ph,success,,Software Engineering,Open to All,BS/BA Required | MS Required,React | TypeScript | Python | PostgreSQL | DynamoDB | AWS | Node.js | GitHub Copilot | Cursor | Claude Code | ChatGPT | Windsurf,English,2026-06-13T00:00:32Z,,reviewed,simplify,2026-06-12T23:30:31Z
b7154b79-2d09-4d3d-8208-f32ccf9b1d14,1Password,Developer Intern - Client Secrets Management,https://jobs.ashbyhq.com/1password/d9909a9a-d941-404d-a7f2-5021670ffd2c/application,https://archive.is/7tiqb,manual,success,,Software Engineering,Open to All,Open to All Degrees,Rust | Go | TypeScript,English,2026-06-12T23:30:55Z,,reviewed,simplify,2026-06-12T23:00:35Z
86fd502f-db41-49cb-9e56-950a3241b65b,Parsons,Research Assistant,https://parsons.wd5.myworkdayjobs.com/en-US/search/job/US---Remote-Any-Location/Research-Assistant_R181417,https://archive.is/zkqEy,manual,success,,Machine Learning / AI,Open to All,Open to All Degrees,Python | Java | Matlab | C++ | PHP | HTM | Swift | and SQL,English,2026-06-12T15:33:08Z,,reviewed,simplify,2026-06-12T15:00:29Z
b71c1aa2-4ccb-420a-a53e-cd09d3d3ba63,1Password,Developer Intern,https://jobs.ashbyhq.com/1password/44150e12-89b1-4ac7-ad8d-671f5ec650dd/application,https://archive.is/MN4V8,manual,success,,Software Engineering,Open to All,Open to All Degrees,TypeScript | React,English,2026-06-12T01:44:05Z,,reviewed,simplify,2026-06-12T01:30:30Z
c1260e8d-9824-4174-9668-7f4e1627e756,Centific,Software Engineer Intern,https://centific.wd1.myworkdayjobs.com/Centific_Global/job/Remote-Work-USA/SDE-Intern_JR107453-1,https://web.archive.org/web/20260610233134/https://centific.wd1.myworkdayjobs.com/Centific_Global/job/Remote-Work-USA/SDE-Intern_JR107453-1,wayback,success,,,Open to All,Open to All Degrees,,English,2026-06-10T23:31:52Z,,reviewed,simplify,2026-06-10T23:00:43Z
7b479664-d0af-4690-be2a-c9ba5d81314a,Walleye Capital,Central Equity Quant Research Intern - Ceqr,https://job-boards.greenhouse.io/walleyecapital-external-students/jobs/4676069006,https://archive.is/tyg0q,manual,success,,Quant / Finance,Open to All,Open to All Degrees,R | Python,English,2026-06-10T10:30:26Z,,reviewed,simplify,2026-06-10T10:00:29Z
c32147c4-e359-49f8-8d2e-d52f0a1646d8,Walleye Capital,Investment Data Science Intern,https://job-boards.greenhouse.io/walleyecapital-external-students/jobs/4676587006,https://archive.is/cetdw,manual,success,,Data Science,Open to All,Open to All Degrees,,English,2026-06-10T10:30:29Z,,reviewed,simplify,2026-06-10T10:00:29Z
a2dd7ebc-2143-479f-a7cc-43c854f5e08a,Walleye Capital,Technology Intern,https://job-boards.greenhouse.io/walleyecapital-external-students/jobs/4681002006,https://archive.is/9dcvY,manual,success,,Software Engineering,Open to All,Open to All Degrees,,English,2026-06-10T10:00:32Z,,reviewed,simplify,2026-06-10T09:30:29Z
3ae897a1-0ad7-410e-8882-d492c1f9e19a,Walleye Capital,Risk Technology Analyst Intern,https://job-boards.greenhouse.io/walleyecapital-external-students/jobs/4679224006,https://archive.is/XQDIS,manual,success,,Data Analysis,Open to All,Open to All Degrees,Python | Java | C++,English,2026-06-10T10:00:35Z,,reviewed,simplify,2026-06-10T09:30:29Z
37f29e78-6188-4883-8606-42dcbabb6448,Walleye Capital,Volatility Trading Developer Intern,https://job-boards.greenhouse.io/walleyecapital-external-students/jobs/4679434006,https://archive.ph/GNNxe,archive.ph,success,,Quant / Finance,Open to All,Open to All Degrees,Python | Java | C++,English,2026-06-10T10:00:38Z,,reviewed,simplify,2026-06-10T09:30:29Z
e64f8833-28d9-4336-8818-8f38d5d83e2b,Chanel,Creative Technologist Intern - Open Innovation,https://cc.wd3.myworkdayjobs.com/ChanelCareers/job/New-York/Creative-Technologist-Intern--Open-Innovation_JOBREQ00113766,https://archive.is/afvYO,manual,success,,Software Engineering,Open to All,Open to All Degrees,Processing | p5.js | Arduino | Raspberry Pi | Figma | Framer | Principle | Cursor | Claude | Lovable | Github Copilot | Vertex AI | CoPilot Studio | Python,English,2026-06-10T02:02:56Z,,reviewed,simplify,2026-06-10T01:30:28Z
82220070-80c9-42ec-9a40-dc3d4aa5d2b8,1Password,Developer Intern - Front-End Platform,https://jobs.ashbyhq.com/1password/c90c5d23-fd41-4c01-8422-08f4b64144f5/application,https://archive.is/x4tX2,manual,success,,Software Engineering,Open to All,Open to All Degrees,JavaScript | TypeScript | React,English,2026-06-10T02:04:47Z,,reviewed,simplify,2026-06-10T01:30:28Z
4474324d-fc29-44ab-ac6b-ad29c0babae6,1Password,Developer Intern - Trust Platforms,https://jobs.ashbyhq.com/1password/8f8774dc-e400-48b1-8100-c6840b8eaed1/application,https://archive.is/gCcnv,manual,success,,Software Engineering,Open to All,Open to All Degrees,Rust | Go,English,2026-06-10T02:06:44Z,,reviewed,simplify,2026-06-10T01:30:28Z
8dd5962c-94fd-4b2b-8be6-95ad68d36b57,Break Through Tech,IT Coordinator,https://breakthroughtech.applytojob.com/apply/4PmBe5UHQi/IT-Coordinator-parttime,https://archive.is/cJVRe,manual,success,,IT Support,Open to All,Open to All Degrees,,English,2026-06-10T15:05:11Z,,reviewed,manual,2026-06-10T00:00:00Z
ac3c45e9-76c1-4b7c-8c15-3452d5958e9e,New York City,DOE Tech Support Intern,https://bmcc.joinhandshake.com/jobs/11015934/share_preview,https://archive.is/AyTQs,manual,success,,IT Support,Open to All,Open to All Degrees,,English,2026-06-10T15:12:12Z,,reviewed,manual,2026-06-10T00:00:00Z
d392b2b1-5d8e-4ea6-969f-665fbd492ba4,1Password,Developer Intern - Data Security,https://jobs.ashbyhq.com/1password/47274802-4040-4039-978a-fc9b7d6868ce/application,https://archive.ph/BBUo0,archive.ph,success,,Cybersecurity,Open to All,Open to All Degrees,FIDO | W3C | ISO | NIST | OIDF,English,2026-06-09T23:31:39Z,,reviewed,simplify,2026-06-09T23:00:49Z
62709f49-dca3-4418-9cbb-85fae7d3b7ce,1Password,Data Intern - Enterprise Analytics,https://jobs.ashbyhq.com/1password/c502ea19-dc77-4955-8797-6f8b64ccf52f/application,https://archive.is/TKAZG,manual,success,,Data Analysis,Open to All,Open to All Degrees,Looker | Tableau | Power BI | SQL | Python | R,English,2026-06-09T23:33:31Z,,reviewed,simplify,2026-06-09T23:00:49Z
f0ac800d-804a-400b-9ee5-a6006e56c30b,GE Vernova,Grid Automation & Software Intern,https://gevernova.wd5.myworkdayjobs.com/only_confidential_executive_recruiting/job/Remote/Grid-Automation---Software-Intern_R5041706-3,https://archive.is/fueXw,manual,success,,Software Engineering | Engineering (Non-Software),Open to All,BS/BA Required | MS Required,,English,2026-06-09T15:33:02Z,,reviewed,simplify,2026-06-09T15:00:36Z
8274eda3-9ac6-4582-ae1a-b4f690d6737f,Bank of America,Global Tech Apprentice - Software Engineer,https://ghr.wd1.myworkdayjobs.com/us-emplsv/job/Jersey-City/Global-Tech-Apprentice-Program---Software-Engineer----Jersey-City--NJ-and-New-York--NY_26019817-1,https://ghr.wd1.myworkdayjobs.com/us-emplsv/job/Jersey-City/Global-Tech-Apprentice-Program---Software-Engineer----Jersey-City--NJ-and-New-York--NY_26019817-1,manual,success,,Software Engineering,Open to All,AS/AAS Required,,English,2026-06-08T23:45:56Z,,reviewed,simplify,2026-06-08T23:30:27Z
b70cf0fc-1a6d-451a-a737-885a6a68884f,Ancestry,Machine Learning Engineer Co-op,https://ancestry.wd501.myworkdayjobs.com/Careers/job/Remote/Machine-Learning-Engineer--Co-op_R003378,https://web.archive.org/web/20260608233110/https://ancestry.wd501.myworkdayjobs.com/Careers/job/Remote/Machine-Learning-Engineer--Co-op_R003378,wayback,success,,Machine Learning / AI,Grad Student,MS Required,,English,2026-06-08T23:31:42Z,,reviewed,simplify,2026-06-08T23:00:27Z
10f26a2e-0806-4a95-ab5a-9937df1917fa,Scale AI,AI Builder Intern,https://job-boards.greenhouse.io/scaleai/jobs/4703343005,https://archive.is/BiMBh,manual,success,,Software Engineering,Open to All,Open to All Degrees,LangChain | LangGraph | CrewAI | React | JavaScript | Python | OpenAI | Anthropic | AutoGen | n8n | Zapier,English,2026-06-06T12:00:29Z,,reviewed,simplify,2026-06-06T11:30:28Z
7df6766d-b43b-464c-a03e-68387c5ffb37,Rippling,Software Engineer Intern - Backend Focused,https://ats.rippling.com/rippling/jobs/00cbc991-d2fb-452c-a8b6-2978f109a484,https://archive.is/DE4dV,manual,success,,Software Engineering,Open to All,BS/BA Required | MS Required,Python,English,2026-06-05T23:44:10Z,,reviewed,simplify,2026-06-05T23:30:31Z
8ee2c108-7c86-4c94-b7bb-5667b48e3d3a,Peraton,Generative AI Engineer Intern,https://careers-peraton.icims.com/jobs/167460/job?mobile=true&needsRedirect=false,https://archive.is/Wzsd2,manual,success,,Machine Learning / AI,Grad Student,MS Required,,English,2026-06-05T23:30:24Z,,reviewed,simplify,2026-06-05T23:00:30Z
0d8819e9-06a6-4bf6-9c18-a00012e17263,Rippling,Full Stack Software Engineer Intern,https://ats.rippling.com/rippling/jobs/35b3ba25-ff2e-4b68-a2d7-61be26f2b24a,https://archive.is/o0g71,manual,success,,Software Engineering,Open to All,BS/BA Required | MS Required,Python | JavaScript | HTML/CSS,English,2026-06-05T23:30:27Z,,reviewed,simplify,2026-06-05T23:00:30Z
22b2d0e9-fb64-49b6-8106-e7c9fd959e61,Royal Bank of Canada,Capital Markets – Aidenedge Program Fall Analyst Intern,https://rbc.wd3.myworkdayjobs.com/RBCEARLYTALENT1/job/BROOKFIELD-PLACE-FKA-3-WORLD-FINANCIAL-CENTER-200-VESEY-STREETNEW-YORK/XMLNAME-2026-Capital-Markets--AidenEdge-Program-Fall-Analyst--4-Months-_R-0000175719,https://archive.ph/6cBsr,archive.ph,success,,Software Engineering,Open to All,Open to All Degrees,Python | Java | C# | C/C+ | JavaScript | HTML | CSS,English,2026-06-05T23:32:10Z,,reviewed,simplify,2026-06-05T23:00:30Z
35ccd8f2-5371-4cda-9000-084c9d21fdec,PathAI,Machine Learning Intern/Co-op,https://www.pathai.com/careers/8202342002?gh_jid=8202342002,https://archive.is/Xok1O,manual,success,,Machine Learning / AI,Grad Student,MS Required,Python | PyTorch | TensorFlow,English,2026-06-05T14:29:50Z,,reviewed,simplify,2026-06-05T14:00:30Z
30968849-8351-4128-a546-cd9bbad4a60c,Ancestry,Data Science Co-op - AI Document Understanding,https://ancestry.wd501.myworkdayjobs.com/Careers/job/Remote/Data-Science---AI-Document-Understanding--Co-op_R003371,https://archive.is/bXPIq,manual,success,,Machine Learning / AI,Grad Student,MS Required,,English,2026-06-04T23:31:29Z,,reviewed,simplify,2026-06-04T23:00:29Z
56f714dd-27f8-4010-9262-c342a2fdecd0,Revance,Data Scientist Intern,http://www.revance.com/careers/job-listings/?gh_jid=8578708002,https://archive.is/4NGrc,manual,success,,Data Science,Open to All,Open to All Degrees,Python | pandas | scikit-learn | matplotlib | seaborn | R | SQL,English,2026-06-04T23:31:00Z,,reviewed,simplify,2026-06-04T23:00:29Z
68127dda-73b9-40f5-9686-c6a63d8651ca,Stash,Engineer Intern,https://ats.comparably.com/api/v2/stash/post/7979793:?gh_jid=7979793,https://archive.is/uOJR8,manual,success,,Software Engineering,Sophomore | Junior | Senior | Grad Student,Open to All Degrees,JavaScript | TypeScript | Python | Java | Swift | React | React Native | Node.js | AWS | GitHub Copilot | ChatGPT | Cursor,English,2026-06-03T23:30:23Z,,reviewed,simplify,2026-06-03T23:00:34Z
b9669146-88c3-4c3b-8c92-5d6ade8bdaf5,SitusAMC,AI Software Development Team Intern,https://situsamc.wd1.myworkdayjobs.com/SitusAMC/job/Remote/Intern---AI-Software-Development-Team_JR02562,https://archive.is/QpT2l,manual,success,,Software Engineering,Open to All,BS/BA Required | MS Required,Python | Java | C++ | TensorFlow | PyTorch,English,2026-06-03T23:30:47Z,,reviewed,simplify,2026-06-03T23:00:34Z
d1b794fd-26be-4c15-bf39-5df493a20cd7,Cotiviti,Data Scientist Intern,https://careers-cotiviti.icims.com/jobs/19386/job?mobile=true&needsRedirect=false,https://archive.is/9LuUr,manual,success,,Software Engineering,Open to All,Open to All Degrees,,English,2026-06-03T22:59:11Z,,reviewed,simplify,2026-06-03T22:30:36Z
09174c1c-7ac5-489a-8c87-dcb67b971aa0,LiveRamp,Software Engineer Co-op - Conversions API,https://liveramp.wd5.myworkdayjobs.com/en-US/LiveRampCareers/job/San-Francisco/Co-Op--Software-Engineer---Conversions-API_JR012232-1,https://archive.is/fE2w7,manual,success,,Software Engineering,Open to All,Open to All Degrees,Java | Hadoop | Spark | SQL | AWS | Azure | Kubernetes | Cadence | Scala | React | Ruby on Rails | Node.js,English,2026-06-03T07:02:16Z,,reviewed,simplify,2026-06-03T06:30:28Z
7ac697b2-ff59-4660-990a-d4f53316f56c,Marsh,AI Integration Specialist Co-op,https://mmc.wd1.myworkdayjobs.com/mmc/job/New-York---1166/AI-Integration-Specialist-Fall-Co-op---College-Program-2026_R_346709-1,https://archive.is/DYf5y,manual,success,,Machine Learning / AI,Junior | Senior | Grad Student,BS/BA Required | MS Required,Microsoft SQL | Alteryx | Databricks,English,2026-06-03T02:01:09Z,,reviewed,simplify,2026-06-03T01:30:35Z
7d880590-b150-42ab-810a-5e3b723e0a20,Magnite,Software Engineering Intern - Adserver,https://osv-rubicon.wd5.myworkdayjobs.com/en-US/MagniteCareers/job/New-York---New-York/Intern--Software-Engineering---Adserver--NYC-_R-01333,https://archive.is/IpRJA,manual,success,,Software Engineering,Open to All,BS/BA Required | MS Required,Java,English,2026-06-03T00:01:05Z,,reviewed,simplify,2026-06-02T23:30:28Z
527e83c9-8667-42c5-ae2d-aa16111a9379,Magnite,Software Engineer Intern - Demand Solutions,https://osv-rubicon.wd5.myworkdayjobs.com/en-US/MagniteCareers/job/New-York---New-York/Intern--Software-Engineering---Demand-Solutions--NYC-_R-01332,https://archive.is/hzC2O,manual,success,,Software Engineering,Open to All,BS/BA Required | MS Required,Java,English,2026-06-03T00:01:45Z,,reviewed,simplify,2026-06-02T23:30:28Z
3d503fc4-bfe2-4891-bde8-0d134e450913,Hyperproof,Software Engineer Intern - AI Developer Productivity,https://hyperproof.io/job-listings/?gh_jid=4700893005,https://archive.is/4qtiG,manual,success,,Software Engineering,Open to All,Open to All Degrees,Claude Code | Copilot | Cursor | TypeScript | Python | Java | C# | Go,English,2026-06-02T23:15:44Z,,reviewed,simplify,2026-06-02T23:00:40Z
d3d390d0-c2a6-4fdd-8c45-3b5fd2e8bc07,RSM,Intern,https://rsm.wd1.myworkdayjobs.com/RSMCareers/job/Remote/TESS-Intern---Fall-2026_JR119746,https://archive.is/ILMch,manual,success,,Data Analysis,Open to All,AS/AAS Required | BS/BA Required,,English,2026-06-02T23:16:06Z,,reviewed,simplify,2026-06-02T23:00:40Z
49ff5004-3fea-42cf-8ed9-f8ddb314058f,TDS,Field Services Data Analytics Intern,https://external-telecom-teldta.icims.com/jobs/29417/job?mobile=true&needsRedirect=false,https://archive.is/7WtOp,manual,success,,Data Analysis,Open to All,Open to All Degrees,,English,2026-06-02T23:00:58Z,,reviewed,simplify,2026-06-02T22:30:36Z
9e9b2cdb-3e51-4478-8b33-4281c7b2a565,Leidos,Data Architecture and Governance Intern,https://leidos.wd5.myworkdayjobs.com/External/job/6314-RemoteTeleworker-US/Data-Architecture-and-Governance-Intern_R-00184376,https://archive.is/OLk3M,manual,success,,Data Engineering,Open to All,BS/BA Required | MS Required,SQL | Python | Snowflake,English,2026-06-02T02:32:10Z,,reviewed,simplify,2026-06-02T01:30:28Z
90a6a21b-01c9-4a5a-8c1f-d58b67d00be8,Cisco,Software Engineer Data/AI/Intelligent Systems 2 Intern,https://cisco.wd5.myworkdayjobs.com/cisco_careers/job/San-Jose-California-US/Software-Engineer-Data-AI-Intelligent-Systems-II--Intern----United-States_2001127,https://archive.is/L2BfP,manual,success,,Software Engineering,Open to All,Open to All Degrees,Python | scikit-learn | Apache Spark | Hadoop (MapReduce) | Apache Flink | Docker | Kubernetes | AWS | Azure | Google Cloud,English,2026-06-02T00:01:12Z,,reviewed,simplify,2026-06-01T23:30:43Z
013934fd-e527-4543-b30c-ba4003cee756,Cisco,Software Engineer Data/AI/Intelligent Systems Intern - United States,https://cisco.wd5.myworkdayjobs.com/cisco_careers/job/San-Jose-California-US/Software-Engineer-Data-AI-Intelligent-Systems-I--Intern----United-States_2001254,https://archive.ph/ULzha,archive.ph,success,,Software Engineering,Open to All,Open to All Degrees,Python | TensorFlow | scikit-learn | Apache Spark | Hadoop (MapReduce) | Apache Flink | Docker | Kubernetes | AWS | Azure | Google Cloud.,English,2026-06-02T00:02:19Z,,reviewed,simplify,2026-06-01T23:30:43Z
7d8de26b-5da6-4e2a-9a17-d887bc8a61be,Stantec,Graduate Research Intern - Buildings,https://hdhl.fa.us6.oraclecloud.com/hcmUI/CandidateExperience/en/sites/CX_1/job/1006143,https://ghostarchive.org/archive/XHGav,manual,success,,Data Analysis,Grad Student,MS Required,Python | R | Matplotlib | Seaborn | Plotly | ggplot2 | Git,English,2026-06-02T00:03:27Z,,reviewed,simplify,2026-06-01T23:30:43Z
fd4b2ae3-7ff3-4faf-9469-b64c12be8275,Kong,AI Enablement Specialist Intern,https://jobs.ashbyhq.com/kong/1de58755-b134-4223-9caf-54ee7f376a5b/application,https://archive.is/BnRn7,manual,success,,Software Engineering,Open to All,Open to All Degrees,Claude | ChatGPT | Copilot | Python | JavaScript | n8n | Zapier | Make,English,2026-06-02T00:06:03Z,,reviewed,simplify,2026-06-01T23:30:43Z
86288e49-34fb-4db7-af79-7b5fab0ef2d4,LiveRamp,Software Engineering Intern - Data Marketplace,https://liveramp.wd5.myworkdayjobs.com/en-US/LiveRampCareers/job/San-Francisco/Intern--Software-Engineering---Data-Marketplace_JR012200,https://archive.ph/Ragl9,archive.ph,success,,Software Engineering,Open to All,Open to All Degrees,,English,2026-06-01T23:31:06Z,,reviewed,simplify,2026-06-01T23:00:28Z
8e11b217-af00-44fb-88cd-cb241676e359,Accenture,Technology Development Program - Artificial Intelligence Analyst,https://accenture.wd103.myworkdayjobs.com/AccentureCareers/job/IL---Chicago/Technology-Development-Program--TDP----Applied-Intelligence-Analyst---NAELFY26_R00326732,https://archive.is/0Pa3E,manual,success,,Software Engineering,Open to All,Open to All Degrees,.NET | Python | Node.js | Claude | OpenAI | Codex | Gemini | JavaScript | HTML | CSS | SQL | NoSQL | AWS | Azure | GCP | React | Angular,English,2026-06-01T23:32:13Z,,reviewed,simplify,2026-06-01T23:00:28Z
d49211be-b915-4375-8c6a-17b40be46506,Trimble,PX Systems & Automation Intern,https://trimble.wd1.myworkdayjobs.com/en-US/TrimbleCareers/job/US---Remote-OH/PX-Systems---Automation-Intern_R56390,https://archive.is/XkV01,manual,success,,Data Analysis,Open to All,Open to All Degrees,,English,2026-06-01T15:01:38Z,,reviewed,simplify,2026-06-01T14:30:29Z
8ec64e5f-4755-45a9-ae9e-abd13cd712b0,Fidelity Investments,Undergraduate Software Engineer - Software Engineer,https://fmr.wd1.myworkdayjobs.com/targeted/job/Jersey-City-NJ/XMLNAME-2026-Undergraduate---Leap--Software-Engineer--Jersey-City--NJ_2130181,https://archive.is/hgdyJ,manual,success,,Software Engineering,Open to All,Open to All Degrees,,English,2026-06-01T03:31:10Z,,reviewed,simplify,2026-06-01T03:00:27Z
26b828f4-819c-4c9f-9d17-0cb377b3b310,GE Healthcare,AI Research Intern,https://gehc.wd5.myworkdayjobs.com/GEHC_ExternalSite/job/Remote/AI-Research-Intern_R4041665-1,https://archive.is/TDKQq,manual,success,,Machine Learning / AI,Grad Student,MS Required,Python | Java | C/C++ | Spark/Hadoop | PyTorch/Tensorflow,English,2026-05-27T23:42:36Z,,reviewed,simplify,2026-05-27T23:30:36Z
7265b7f1-e86f-400a-acdc-ec06dc2c581a,Cambium Learning Group,Software Engineer Intern - AI Applications,https://cambiumlearning.wd1.myworkdayjobs.com/camb/job/Remote/Software-Engineer-Intern---AI-Applications_REQ-4461,https://archive.is/j9uZK,manual,success,,Software Engineering,Grad Student,MS Required,JavaScript/TypeScript | C# | AWS | Azure | GCP,English,2026-05-27T23:31:01Z,,reviewed,simplify,2026-05-27T23:00:37Z
bce00b8e-0bf2-4317-8d52-be8495199473,Voltus,Residential Data Analyst Intern,https://jobs.lever.co/voltus/d30b5349-1023-497f-a5e5-264204071235/apply,https://archive.is/GC4TV,manual,success,,Data Analysis,Open to All,Open to All Degrees,Python | SQL,English,2026-05-27T23:00:26Z,,reviewed,simplify,2026-05-27T22:30:46Z
f4bff374-c560-4627-b60d-dce64838eea8,Centific,AI Research Strategist Intern,https://centific.wd1.myworkdayjobs.com/Centific_Global/job/Remote-Work-USA/AI-Research-Strategist--Intern_JR107347,https://archive.is/e9MEq,manual,success,,Product Design/UX,Grad Student,MS Required,Google Search Console | SEMrush | Ahrefs,English,2026-05-27T14:07:42Z,,reviewed,simplify,2026-05-27T14:00:44Z
bcc400fa-c1ec-40ec-a4e9-6f22a0574f9c,iHerb,Software Development Engineer Intern,https://job-boards.greenhouse.io/iherb/jobs/7747518003,https://archive.is/JYED9,manual,success,,Software Engineering,Open to All,Open to All Degrees,Java | C++ | C# | HTML 5 | CSS 3.0 | JavaScript | TypeScript | React | Git | Kubernetes | Docker | REST | GraphQL | MongoDB,English,2026-05-27T14:07:45Z,,reviewed,simplify,2026-05-27T14:00:44Z
2eeca6bb-23cf-4253-8f33-432b24d93ab5,Leidos,Power Platform Intern,https://leidos.wd5.myworkdayjobs.com/External/job/6314-RemoteTeleworker-US/Power-Platform-Intern_R-00183950,https://archive.is/hOmz6,manual,success,,Data Analysis,Open to All,Open to All Degrees,MS Power Apps | Power BI | Power Automate | Dataverse | HTML | Java | CSS | JSON | SQL,English,2026-05-27T13:07:40Z,,reviewed,simplify,2026-05-27T13:00:45Z
87799219-e91a-46a8-bb0e-78f7facdd115,Syntax,Classification Data Validation Intern,https://jobs.lever.co/syntax/c5801194-4911-4769-86a4-266e5d451fdc/apply,https://archive.is/jXWnd,manual,success,,Data Analysis,Sophomore | Junior | Senior,BS/BA Required,,English,2026-05-27T06:00:27Z,,reviewed,simplify,2026-05-27T05:30:54Z
cbdb6805-42ae-416d-ba9d-7b66cf887b4d,Eulerity,Technical Operations Intern,https://job-boards.greenhouse.io/eulerity/jobs/4680363006,https://archive.is/ain3E,manual,success,,Data Analysis,Open to All,Open to All Degrees,Excel | SQL | Python | JavaScript,English,2026-05-27T02:30:20Z,,reviewed,simplify,2026-05-27T02:00:42Z
243bb608-6df0-439e-aba6-649ae9e8de1f,Technergetics,R&D Engineer Intern,https://job-boards.greenhouse.io/technergetics/jobs/4681908006,https://archive.is/jXiK9,manual,success,,Engineering (Non-Software),Senior | Grad Student,BS/BA Required | MS Required,C/C++ | Python,English,2026-05-26T21:47:39Z,,reviewed,simplify,2026-05-26T21:30:36Z
849495a9-c7c9-445b-95f4-0b6e90d82098,Progyny,Talent Operations Intern,https://progyny.wd5.myworkdayjobs.com/en-US/progyny/job/New-York-New-York/Talent-Operations-Intern_JR101042,https://archive.is/Pleup,manual,success,,Data Analysis,Grad Student,MS Required,Tableau | Looker | Power BI | SQL,English,2026-05-26T19:32:21Z,,reviewed,simplify,2026-05-26T19:00:40Z
16942976-6eb5-4a8a-a01f-d995f6f6e27b,New York City,College Aide,https://cityjobs.nyc.gov/job/college-aide-in-nyc-all-boros-jid-43753,https://archive.is/FyonS,manual,success,,Data Analysis,Open to All,Open to All Degrees,PowerBI,English,2026-05-26T10:17:01Z,,reviewed,manual,2026-05-26T00:00:00Z
a9ad290c-9dc0-40d2-9e6e-d0a330be60dd,EPRI,Power Systems Software Engineer Intern,https://vhr-epri.wd1.myworkdayjobs.com/epricareers/job/RemoteHome-Based/Power-Systems-Software-Engineer-Student-Employee_REQ-3990-1,https://archive.is/4BzeC,manual,success,,Software Engineering,Grad Student,MS Required,Python | FastAPI | Docker | Kubernetes | Azure | PostgreSQL | GitHub Actions | MLflow | HTML,English,2026-05-22T23:30:48Z,,reviewed,simplify,2026-05-22T23:00:51Z
0d7b8d67-b0c6-42e4-8757-72009f66499e,Persistent Systems,Embedded Software Engineer Intern,https://careers-persistentsystems.icims.com/jobs/2258/job?mobile=true&needsRedirect=false,https://archive.is/v9YoD,manual,success,,Software Engineering,Open to All,BS/BA Required,C | C++ | Linux,English,2026-05-22T23:30:51Z,,reviewed,simplify,2026-05-22T23:00:51Z
fc88d475-f678-4ae3-bc2c-5ef19e50476f,Stride,K12 Zone Engineer Intern,https://strideinc.wd1.myworkdayjobs.com/en-US/SK/job/US-Nationwide---Remote/K12-Zone-Engineering-Intern_JR114632-1,https://archive.is/LHbev,manual,success,,Software Engineering,Open to All,Open to All Degrees,,English,2026-05-22T23:00:43Z,,reviewed,simplify,2026-05-22T22:30:40Z
d78c5e39-dccf-475e-9124-2c3a66982e2c,LiveRamp,Software Engineer Co-op - Pixel Serving,https://liveramp.wd5.myworkdayjobs.com/en-US/LiveRampCareers/job/New-York/Intern--Software-Engineer---Pixel-Serving_JR012201,https://archive.ph/xJ8wv,archive.ph,success,,Software Engineering,Open to All,Open to All Degrees,Java | Go | Hadoop | Spark | SQL | GCP | AWS | Azure | Kubernetes | Cadence | Scala | React | Ruby on Rails | Node.js | TypeScript | Express.js,English,2026-05-21T23:35:09Z,,reviewed,simplify,2026-05-21T23:30:40Z
0f746c6b-4529-4a6f-9cf4-d545bce64cd9,TheGuarantors,AI Automation Engineer Intern,https://ats.rippling.com/theguarantors-open-positions/jobs/478122bd-b7ef-4a0b-a0cd-d204c856f382,https://archive.is/kTHQJ,manual,success,,Software Engineering,Open to All,Open to All Degrees,Python | TypeScript | Go | Java | SQL,English,2026-05-21T23:35:13Z,,reviewed,simplify,2026-05-21T23:30:40Z
60af5688-3330-413e-961c-6f3ffb2b4c84,Ensono,AI Transformation Intern,https://ensono.com/company/careers/jobs-board/?gh_jid=4698019005,https://archive.is/Lb1kZ,manual,success,,Machine Learning / AI,Open to All,BS/BA Required | MS Required,Python | JavaScript | Excel | Claude | ChatGPT | Copilot | SQL,English,2026-05-21T23:30:23Z,,reviewed,simplify,2026-05-21T23:01:10Z
2b58f87c-45e3-47f3-8d33-ff72212accde,LiveRamp,Data Science Intern,https://liveramp.wd5.myworkdayjobs.com/en-US/LiveRampCareers/job/San-Francisco/Intern--Data-Science_JR012195,https://archive.is/IhvnM,manual,success,,Data Science,Grad Student,MS Required,PyTorch | TensorFlow | Hugging Face | Python,English,2026-05-20T23:36:33Z,,reviewed,simplify,2026-05-20T23:30:36Z
b326f48f-ee33-4ecc-bfa9-70aa89f4585e,Phamily,Machine Learning Intern - Research and Development,https://job-boards.greenhouse.io/jobsatphamily/jobs/5227172008,https://archive.is/Wtj8B,manual,success,,Data Science,Grad Student,MS Required,,English,2026-05-20T23:36:36Z,,reviewed,simplify,2026-05-20T23:30:36Z
945da41b-7c5e-4576-9f1d-73caa551362e,Phamily,Business Intelligence & Data Analytics Intern - Undergraduate,https://job-boards.greenhouse.io/jobsatphamily/jobs/5227296008,https://archive.ph/RTeGW,archive.ph,success,,Data Analysis,Open to All,AS/AAS Required | BS/BA Required,Looker | Tableau | Power BI,English,2026-05-20T23:30:19Z,,reviewed,simplify,2026-05-20T23:00:32Z
00acf754-02eb-4f66-bdea-d642834475a7,TNS,Java Software Engineer Associate,https://tnsi.wd1.myworkdayjobs.com/Search/job/USA---New-York/Associate-Java-Software-Engineer_R2998,https://archive.ph/SEV6n,archive.ph,success,,Software Engineering,Open to All,BS/BA Required | MS Required,Java | PostgreSQL,English,2026-05-20T23:31:09Z,,reviewed,simplify,2026-05-20T23:00:32Z
2a0557a3-781a-4a1b-9313-506c5de08ec0,Jabil,Software Engineer Intern,https://jabil.wd5.myworkdayjobs.com/Jabil_Careers/job/Remote---USA/Software-Engineering-Intern_J2445033,https://archive.is/ohgYD,manual,success,,Software Engineering,Open to All,Open to All Degrees,,English,2026-05-20T23:32:15Z,,reviewed,simplify,2026-05-20T23:00:32Z
15940e4d-d0db-45c4-a255-0626fdac14ac,TheGuarantors,Software Engineer Intern,https://ats.rippling.com/theguarantors-open-positions/jobs/d78ec000-5f8b-43d3-9590-4eb51970e49b,https://archive.is/7UKzF,manual,success,,Software Engineering,Grad Student,MS Required,TypeScript | Go | Java | Python,English,2026-05-20T16:00:32Z,,reviewed,simplify,2026-05-20T15:30:35Z
59b92f0b-36cb-4eb5-9a6c-8f15f9435a83,FOX,FOX Technology Intern,https://fox.wd1.myworkdayjobs.com/Domestic/job/New-York-New-York-USA/Fall-2026-FOX-Technology-Internship-Program---New-York--NY_R50032648-1,https://archive.is/B9bkq,manual,success,,Software Engineering | Data Analysis | Machine Learning / AI | IT Support | Product Design/UX,Sophomore | Junior | Senior | Grad Student,Open to All Degrees,HTML | Python | Java | SQL | Tableau,English,2026-05-20T02:32:15Z,,reviewed,simplify,2026-05-20T02:00:34Z
f82f4313-ed51-49e1-8692-428585ee2875,Deckers Brands,Loyalty Analytics Intern,https://deckers.wd5.myworkdayjobs.com/Deckers/job/US---California-Remote/Loyalty-Analytics-Intern---Global_20701,https://archive.is/IJDV2,manual,success,,Data Analysis,Open to All,Open to All Degrees,Python | R | Excel,English,2026-05-20T02:01:21Z,,reviewed,simplify,2026-05-20T01:30:34Z
836b272f-f58b-4472-83e7-09b03b198080,Photon,AI Product Development Intern,https://fa-ertb-saasfaprod1.fa.ocs.oraclecloud.com/hcmUI/CandidateExperience/en/sites/CX_2/job/25999,https://ghostarchive.org/archive/0c8AD,manual,success,,Software Engineering,Open to All,Open to All Degrees,,English,2026-05-20T00:01:14Z,,reviewed,simplify,2026-05-19T23:30:36Z
d0337534-379c-4a13-ba43-0946fd91d5fd,EPRI,Software Developer Power System Student Employee,https://vhr-epri.wd1.myworkdayjobs.com/epricareers/job/RemoteHome-Based/Software-Developer-Power-System-Student-Employee_REQ-3986-1,https://archive.is/wXOQY,manual,success,,Software Engineering,Grad Student,MS Required,Python | JavaScript | Typescript | C,English,2026-05-19T23:32:13Z,,reviewed,simplify,2026-05-19T23:00:34Z
5407f428-b513-492f-97d0-d2bd020610b6,Microsoft,Research Intern - Self-Improving AI,https://apply.careers.microsoft.com/careers/job/1970393556867858,https://web.archive.org/web/20260519120906/https://apply.careers.microsoft.com/careers/job/1970393556867858,wayback,success,,Machine Learning / AI,Grad Student,MS Required,PyTorch,English,2026-05-19T10:30:29Z,,reviewed,simplify,2026-05-19T10:00:34Z
80123cbc-f5c6-4a6e-95bd-f97fb3c9d32b,LINQ,Engineer Intern,https://jobs.ashbyhq.com/linqapp/808baa26-e5ba-45dd-9c44-7ab685e742c1/application,https://archive.is/krC4f,manual,success,,Software Engineering,Open to All,Open to All Degrees,React/Next.js | TypeScript | Go,English,2026-05-19T02:32:55Z,,reviewed,simplify,2026-05-19T02:00:35Z
6c56bd42-aaca-45b8-b770-128f543898e0,Wealth.com,Applied Scientist AI/ML Intern,https://jobs.ashbyhq.com/wealth-com/1899d513-4c4a-43b2-a307-8c8e4b877622/application,https://archive.ph/YnuyX,archive.ph,success,,Machine Learning / AI,Open to All,BS/BA Required | MS Required,PyTorch | TensorFlow,English,2026-05-19T02:35:30Z,,reviewed,simplify,2026-05-19T02:00:35Z
d3ee5bc4-7518-4aa5-b4c1-53a1a4793a3e,Melotech,AI/ML Engineer Intern,https://jobs.ashbyhq.com/melotech/e99207bd-8a2f-4641-a463-08a6633a7073/application,https://archive.is/OrCgc,manual,success,,Machine Learning / AI,Open to All,Open to All Degrees,Python,English,2026-05-19T02:02:53Z,,reviewed,simplify,2026-05-19T01:30:33Z
39d9c34d-25c2-4b63-b896-ad1ecb98c563,Melotech,Data Science Intern - Music & Audio,https://jobs.ashbyhq.com/melotech/f2f3e785-12a0-4d30-be43-e6c5c119a6c2/application,https://archive.is/q15FR,manual,success,,Data Science,Open to All,Open to All Degrees,AWS | Tableau,English,2026-05-19T02:04:44Z,,reviewed,simplify,2026-05-19T01:30:33Z
0ee42cec-fd2b-4ffa-8687-8c302e90fbcf,Melotech,Full-Stack Developer Intern - Music & Audio,https://jobs.ashbyhq.com/melotech/15af19d9-a318-45a6-8a06-23053ea487a5/application,https://archive.is/wGBBj,manual,success,,Software Engineering,Open to All,Open to All Degrees,AWS | Python | Tableau,English,2026-05-19T02:06:42Z,,reviewed,simplify,2026-05-19T01:30:33Z
6811bb0f-5241-4246-8d01-0048db2d15a5,Blackboard,Intern,https://jobs.jobvite.com/blackboard/job/ouk3zfwa?nl=1&nl=1&fr=false,https://archive.is/oNUza,manual,success,,,Freshman | Sophomore | Junior | Senior | Grad Student,BS/BA Required | MS Required,Claude Code | Cursor | OpenAI Agent SDK,English,2026-05-19T00:00:24Z,,reviewed,simplify,2026-05-18T23:30:34Z
b8824703-fe69-4f28-b705-68510ab904db,FOX,FOX News Media Internship Program Intern - Data Analytics,https://fox.wd1.myworkdayjobs.com/Domestic/job/New-York-New-York-USA/Fall-2026-FOX-News-Media-Internship-Program---Data-Analytics---New-York_R50032616-1,https://archive.is/DP0jb,manual,success,,Data Analysis,Sophomore | Junior | Senior | Grad Student,Open to All Degrees,,English,2026-05-18T07:32:13Z,,reviewed,simplify,2026-05-18T07:00:35Z
4e46ef11-a7c5-4895-a907-c2c188d58328,Ancestry,Graduate Research Co-op - AI & Representation Learning,https://ancestry.wd501.myworkdayjobs.com/Careers/job/Remote/Graduate-Research-Co-op---AI---Representation-Learning_R003340,https://archive.is/BUuNc,manual,success,,Machine Learning / AI,Grad Student,MS Required,Python | PyTorch | TensorFlow,English,2026-05-17T08:28:38Z,,reviewed,simplify,2026-05-17T08:00:36Z
9fc8a614-08fa-458a-ae94-17287abd6840,Center for Internet Security (CIS),Security Engineer Intern,https://cisecurity.wd1.myworkdayjobs.com/CIS_External_Career_Site/job/Remote/Security-Engineering-Intern---Remote_JR100204,https://archive.is/kC6Lr,manual,success,,Cybersecurity,Junior | Senior,BS/BA Required,UNIX | DEVO SIEM/SOAR,English,2026-05-16T23:06:56Z,,reviewed,simplify,2026-05-16T23:00:36Z
837f275c-c314-436a-9c5b-9f8c18daa488,Ensemble Health Partners,Software Engineer Intern,https://ensemblehp.wd5.myworkdayjobs.com/ensemblehealthpartnerscareers/job/Software-Engineer-Intern_R041331,https://archive.is/Fc1Qc,manual,success,,Software Engineering,Junior | Senior,BS/BA Required | MS Required,.NET | React | Azure,English,2026-05-16T23:08:27Z,,reviewed,simplify,2026-05-16T23:00:36Z
483336e7-948a-4f0e-a61d-4151a29c78de,Ensemble Health Partners,Business Intelligence Intern,https://ensemblehp.wd5.myworkdayjobs.com/ensemblehealthpartnerscareers/job/Remote---Nationwide/Business-Intelligence-Intern_R044048,https://archive.is/pnM1G,manual,success,,Data Analysis,Sophomore | Junior | Senior,BS/BA Required,Power BI | Databricks | SQL,English,2026-05-16T22:31:58Z,,reviewed,simplify,2026-05-16T22:00:31Z
27c082da-62c4-4f26-8137-74728d05965e,Ensemble Health Partners,Engineering Excellence Engineer Intern,https://ensemblehp.wd5.myworkdayjobs.com/ensemblehealthpartnerscareers/job/Engineering-Excellence-Intern_R041330,https://archive.is/Fvqqx,manual,success,,Data Analysis,Open to All,BS/BA Required | MS Required,SQL | Python | R,English,2026-05-16T21:42:07Z,,reviewed,simplify,2026-05-16T21:30:29Z
eff23e0e-2522-445b-925a-811fe2e459d1,EPRI,Graduate Geothermal Modeler,https://vhr-epri.wd1.myworkdayjobs.com/epricareers/job/RemoteHome-Based/Student-Employee_REQ-3876,https://archive.is/LM9XN,manual,success,,Machine Learning / AI,Grad Student,MS Required,Python,English,2026-05-16T21:43:23Z,,reviewed,simplify,2026-05-16T21:30:29Z
74f8b0c5-8f2e-422d-af50-13f152a2f0bb,Arine,AI Engineer Intern,https://job-boards.greenhouse.io/arine/jobs/5997169004,https://archive.is/dkC3G,manual,success,,Software Engineering,Open to All,Open to All Degrees,AWS | Python | Azure,English,2026-05-15T23:48:17Z,,reviewed,simplify,2026-05-15T23:30:35Z
bf6f1046-c707-41a4-9446-0ed05b3dcb3c,GenScript,AI Researcher Intern,https://job-boards.greenhouse.io/genscript/jobs/5138842007,https://archive.is/78QSK,manual,success,,Machine Learning / AI,Grad Student,MS Required,Python | LangChain | LlamaIndex | AutoGen | CrewAI | Docker | Kubernetes,English,2026-05-15T23:32:12Z,,reviewed,simplify,2026-05-15T23:00:51Z
74ba1fe3-ca71-4260-b251-29fa1d840279,Susquehanna International Group (SIG),Quantitative Systematic Trader - Master's,https://careers-sig.icims.com/jobs/9442/job?mobile=true&needsRedirect=false,https://archive.is/5T73r,manual,success,,Quant / Finance,Grad Student,MS Required,,English,2026-05-15T10:02:04Z,,reviewed,simplify,2026-05-15T09:30:35Z
25e5cdde-2399-431a-a6d9-20218124af5f,ASM Global,Hospitality and Merchandise Strategy and Inventory Analytics Intern,https://asmglobal.wd1.myworkdayjobs.com/careers/job/New-York-NY/Hospitality-and-Merchandise-Strategy-and-Inventory-Analytics-Intern_R100122727,https://archive.is/alJHt,manual,success,,Data Analysis,Open to All,BS/BA Required | MS Required,Excel | SQL | R | Python | PowerBI,English,2026-05-15T02:31:02Z,,reviewed,simplify,2026-05-15T02:00:47Z
c623e3d0-43d6-4ba5-93dc-077ec55a1bb3,Phil,AI Engineer Intern,https://jobs.ashbyhq.com/phil/4626509e-297e-4a03-b5b1-7d72cbbc5b82/application,https://archive.ph/ymmSF,archive.ph,success,,Machine Learning / AI,Open to All,BS/BA Required | MS Required,AWS | Azure | Google Cloud Platform | Git,English,2026-05-15T02:00:50Z,,reviewed,simplify,2026-05-15T01:30:34Z
441050ea-b57f-4448-ae69-2a4a8646229f,Palantir,Year at Palantir Intern - Forward Deployed Software Engineer,https://jobs.lever.co/palantir/5c7bb70c-83ea-43e7-8055-0c8f319f4333/apply,https://archive.is/DTOVJ,manual,success,,,Open to All,Open to All Degrees,,English,2026-05-15T00:02:45Z,,reviewed,simplify,2026-05-14T23:30:35Z
e5bf0800-58fa-41cf-bba9-7799f4f540f5,Palantir,Year at Palantir Intern - Forward Deployed Software Engineer - Commercial,https://jobs.lever.co/palantir/e6789b17-62fb-4226-a079-f8c17ff19e2d/apply,https://archive.is/1Uaqz,manual,success,,Software Engineering,Open to All,Open to All Degrees,Python | Java | C++ | TypeScript/JavaScript,English,2026-05-14T23:30:41Z,,reviewed,simplify,2026-05-14T23:00:36Z
991a8f63-65fa-4790-8de1-d09deeed8643,Facility Solutions Group,AI Automation Intern - Electrical Construction Operations,https://careers-fsg.icims.com/jobs/2406/job?mobile=true&needsRedirect=false,https://archive.is/PvzQZ,manual,success,,Machine Learning / AI,Junior | Senior,BS/BA Required,OpenCV | Pandas | TensorFlow | PyTorch,English,2026-05-14T23:31:44Z,,reviewed,simplify,2026-05-14T23:00:36Z
563916cf-2297-4c6b-93cc-b171f73555c4,Palantir,Palantir Intern - Software Engineer,https://jobs.lever.co/palantir/655f9937-a4ce-4e7d-80e2-a6659af07329/apply,https://archive.ph/GHjqm,archive.ph,success,,Software Engineering,Open to All,Open to All Degrees,Python | Java | C++ | TypeScript/JavaScript,English,2026-05-14T23:32:28Z,,reviewed,simplify,2026-05-14T23:00:36Z
d9ea509b-1e6a-4984-8ede-eb92547cabed,Pathos,ML Engineer Intern,https://ats.rippling.com/pathos/jobs/430a21a7-8718-47ff-8963-2095727cce57,https://archive.ph/AAVW1,archive.ph,success,,Machine Learning / AI,Open to All,Open to All Degrees,Python | PyTorch,English,2026-05-14T03:01:56Z,,reviewed,simplify,2026-05-14T02:30:34Z
009fbf42-7902-4632-a32d-8be35fa22fae,TransPerfect,Software Engineer Intern,https://transperfect.wd5.myworkdayjobs.com/transperfect/job/US-New-York-NY-1250-Broadway/Software-Engineer-Intern_R2025-243900,https://archive.ph/kAKL4,archive.ph,success,,Software Engineering,Open to All,BS/BA Required,HTML | CSS | JavaScript | TypeScript VueJS WebPack Angular React,English,2026-05-14T02:34:44Z,,reviewed,simplify,2026-05-14T02:00:40Z
92e5f47d-f903-4718-b7e5-0feb29dd9f89,Smartly.io,Compensation & People Analytics Intern,https://job-boards.greenhouse.io/smartlyio/jobs/5995737004,https://archive.ph/jix5m,archive.ph,success,,Data Analysis,Open to All,BS/BA Required | MS Required,Excel | Tableau,English,2026-05-14T02:39:45Z,,reviewed,simplify,2026-05-14T02:00:40Z
e018a2ac-82d3-4544-85aa-440aa29efa03,Cisive,Software Development Intern,https://cisive.wd108.myworkdayjobs.com/Cisive/job/Remote---Maryland/Software-Development-Intern_JR100290,https://archive.ph/E1kwy,archive.ph,success,,Software Engineering,Open to All,BS/BA Required | MS Required,C# | Java | Python | SQL Server | PostgreSQL | JavaScript | Angular | Vue.js,English,2026-05-14T01:32:42Z,,reviewed,simplify,2026-05-14T01:00:38Z
aac2840b-0767-4a5b-b94f-f8e890a1065e,A Thinking Ape,Software Development Engineer Co-op,https://job-boards.greenhouse.io/athinkingape/jobs/7918788,https://archive.is/T5y1l,manual,success,,,Open to All,Open to All Degrees,,English,2026-05-14T01:34:55Z,,reviewed,simplify,2026-05-14T01:00:38Z
a529c640-bb27-4b6c-b042-997fbba3095d,Metropolitan Transportation Authority,"Environmental, Health, & Safety Data, Emerging Talent Intern (Fall)",https://careers.mta.org/jobs/17742498-environmental-health-and-safety-data-emerging-talent-intern-fall,https://archive.is/hu2vT,manual,success,,Data Analysis,Open to All,Open to All Degrees,Power BI | SharePoint | Excel,English,2026-05-16T14:38:28Z,,reviewed,manual,2026-05-14T00:00:00Z
43e1a137-781f-49d7-bd75-baee92bb54bc,Metropolitan Transportation Authority,"Enterprise Architecture, Technology & Engineer Fellow (Fall)",https://careers.mta.org/jobs/17733243-enterprise-architecture-technology-and-engineer-fellow-fall,https://archive.ph/goGN3,archive.ph,success,,Data Analysis,Open to All,Open to All Degrees,Abacus | VBScript | Python | JavaScript,English,2026-05-14T15:26:27Z,,reviewed,manual,2026-05-13T00:00:00Z
a2f960f6-eba6-4fdb-98c3-75a52e21dbb4,Metropolitan Transportation Authority,"Onboard Fare Systems, Technology & Engineer Fellow (Fall)",https://careers.mta.org/jobs/17735444-onboard-fare-systems-technology-and-engineer-fellow-fall,https://archive.ph/eBoLj,archive.ph,success,,IT Support,Open to All,Open to All Degrees,,English,2026-05-14T16:20:25Z,,reviewed,manual,2026-05-13T00:00:00Z
49a613fe-0291-4b1e-9d57-00c3a580dfe0,CME Group,Product Data Analytics Intern,https://cmegroup.wd1.myworkdayjobs.com/en-US/cme_careers/job/New-York---300-Vesey-Street/Product-Data-Analytics-Intern_34340,https://archive.is/k6Mum,manual,success,,Data Analysis,Open to All,Open to All Degrees,,English,2026-05-12T15:32:07Z,,reviewed,simplify,2026-05-12T15:00:54Z
0e79ef0c-9caf-4c3b-bc58-270866bd69df,Pindrop,Artificial Intelligence Engineer Intern - Artificial Intelligence,https://www.pindrop.com/careers/job-title/?gh_jid=7899137,https://archive.ph/Dyb9o,archive.ph,success,,Machine Learning / AI,Open to All,BS/BA Required | MS Required,,English,2026-05-12T15:36:16Z,,reviewed,simplify,2026-05-12T15:00:54Z
cab3dc48-123e-4fdc-8ca8-10d067c841b0,Cotiviti,Temporary Intern - Data Analytics,https://careers-cotiviti.icims.com/jobs/18676/job?mobile=true&needsRedirect=false,https://archive.ph/qgyBD,archive.ph,success,,Data Analysis,Junior | Senior,BS/BA Required,Python | Java | Tableau | Power BI,English,2026-05-12T02:14:10Z,,reviewed,simplify,2026-05-12T02:00:42Z
f41dfdbb-4229-4d32-87b4-278db89df197,Metropolitan Transportation Authority,"Data Analyst, Emerging Talent Intern (Fall)",https://careers.mta.org/jobs/17728691-data-analyst-emerging-talent-intern-fall,https://archive.is/NrZa1,manual,success,,Data Analysis,Grad Student,MS Required,Power BI | Sharepoint,English,2026-05-13T01:30:43Z,,reviewed,manual,2026-05-12T00:00:00Z
7a287de8-41f1-4fe1-a05a-bf8918642d88,Metropolitan Transportation Authority,"Cyber Security Operational, Technology & Engineer Fellow (Fall)",https://careers.mta.org/jobs/17731475-cyber-security-operational-technology-and-engineer-fellow-fall,https://archive.ph/2sGJC,archive.ph,success,,Cybersecurity,Open to All,AS/AAS Required | BS/BA Required,Splunk | SIEM,English,2026-05-13T01:39:59Z,,reviewed,manual,2026-05-12T00:00:00Z
4fed62c4-1d14-45b6-9a3c-6961eee90816,Metropolitan Transportation Authority,"Operations Analyst (Maintenance of Way), Emerging Talent Intern (Fall)",https://careers.mta.org/jobs/17731476-operations-analyst-maintenance-of-way-emerging-talent-intern-fall,https://archive.ph/G8uaF,archive.ph,success,,Data Analysis,Grad Student,MS Required,Power BI | SharePoint,English,2026-05-13T01:43:39Z,,reviewed,manual,2026-05-12T00:00:00Z
7f96f8e4-43e2-4048-9d4f-23cd24cb9b1c,Metropolitan Transportation Authority,"Data Analyst (Power Control Center), Emerging Talent Intern (Fall)",https://careers.mta.org/jobs/17731477-data-analyst-power-control-center-emerging-talent-intern-fall,https://archive.ph/OzA29,archive.ph,success,,,Grad Student,MS Required,Power BI | SharePoint,English,2026-05-13T01:47:46Z,,reviewed,manual,2026-05-12T00:00:00Z
342c3878-0f0a-4f31-b343-8989d1ef68b7,GoodRx,AI Agent Developer Intern,https://goodrx.wd1.myworkdayjobs.com/Careers/job/New-York-City-NY/AI-Agent-Developer-Intern_JR100607,https://archive.ph/j0IaK,archive.ph,success,,Software Engineering,Freshman | Sophomore | Junior | Senior,BS/BA Required,Contentful | Figma | Jira | Amplitude | Looker | Asana | Glean,English,2026-05-11T23:51:46Z,,reviewed,simplify,2026-05-11T23:30:37Z
d738cea5-b94d-4242-a6e3-00a441104aad,Jonas Software,Software Engineer Intern,https://talentmanagementsolution.wd3.myworkdayjobs.com/JonasSoftwareUSA/job/Remote---USA/Software-Engineering-Intern_R52141-1,https://archive.ph/c9hXS,archive.ph,success,,Software Engineering,Open to All,Open to All Degrees,,English,2026-05-11T23:54:17Z,,reviewed,simplify,2026-05-11T23:30:37Z
f6828d11-8794-49da-965a-3a6dd7bebca2,EnergyCap,Product Operations Associate Intern,https://ats.rippling.com/energycap-external-career-page/jobs/e448abdb-dbef-4918-9cd9-0987fb413f00,https://archive.ph/bvaOt,archive.ph,success,,,Open to All,AS/AAS Required | BS/BA Required,Python | JavaScript | YAML | Markdown | MCP servers | API calls.,English,2026-05-11T23:32:05Z,,reviewed,simplify,2026-05-11T23:00:39Z
b376bf1f-e11d-4aeb-8c2f-5ab4f716191f,Motorola,Design Technologist Co-op,https://motorolasolutions.wd5.myworkdayjobs.com/Careers/job/Illinois-US-Offsite/Design-Technologist---2026-Fall-Coop_R63068,https://archive.is/jq1u8,manual,success,,Software Engineering | Other,Open to All,Open to All Degrees,Python | RAG | Figma,English,2026-05-11T23:32:49Z,,reviewed,simplify,2026-05-11T23:00:39Z
6511cfed-ce4c-45ab-8067-8f2f7842e34b,NBCUniversal,Advertising & Partnerships Ad Products Intern,https://jobs.smartrecruiters.com/NBCUniversal3/744000125848951,https://archive.is/h6kvN,manual,success,,Data Science | Product Management,Freshman | Sophomore | Junior,Open to All Degrees,Excel | Python | MicroStrategy | Tableau | Power BI | Looker | SQL | PySpark | Snowflake | AWS | GCP,English,2026-05-11T15:02:23Z,,reviewed,simplify,2026-05-11T15:00:37Z
95f4579d-56be-417d-87ef-3870c70be3bd,Luminate,Software Engineer Intern - Dataops Engineering / Data Engineering,https://luminatedata.com/careers/?gh_jid=4693787005,https://archive.is/oLiPF,manual,success,,Software Engineering,Open to All,Open to All Degrees,Python | SQL | Java | Github Actions | Kubernetes | Terraform | DBT | Apache Spark | and Snowflake,English,2026-05-08T23:30:50Z,,reviewed,simplify,2026-05-08T23:00:39Z
8bb432fa-21f1-4d2a-a11c-46955f58d383,Eulerity,Product Management Intern,https://job-boards.greenhouse.io/eulerity/jobs/4680400006,https://archive.ph/jOXns,archive.ph,success,,Product Management,Open to All,Open to All Degrees,,English,2026-05-08T23:33:43Z,,reviewed,simplify,2026-05-08T23:00:39Z
457ebe8d-73e3-4d0c-913d-22e495b1d6c8,Metropolitan Transportation Authority,"Ridership Analysis & Modeling, Emerging Talent Intern (Fall)",https://careers.mta.org/jobs/17696979-ridership-analysis-and-modeling-emerging-talent-intern-fall,https://archive.ph/Qptz6,archive.ph,success,,Data Analysis,Grad Student,MS Required,,English,2026-05-08T04:20:14Z,,reviewed,manual,2026-05-08T04:20:14Z
a8394fef-9f28-44ce-a233-ed8822941ae4,Cresta,Data Science Intern - Customer Success,https://job-boards.greenhouse.io/cresta/jobs/5213417008,https://archive.ph/gbDkW,archive.ph,success,,,Open to All,BS/BA Required | MS Required,Python | Pandas | NumPy | Scikit-learn | TensorFlow/PyTorch | SQL,English,2026-05-07T23:30:46Z,,reviewed,simplify,2026-05-07T23:00:48Z
3cb45823-f475-44c7-aaca-4a1335faf6ff,Salesforce,Software Engineer Intern,https://salesforce.wd12.myworkdayjobs.com/Futureforce_Internships/job/California---San-Francisco/Summer-2027-Intern---Software-Engineer_JR340771,https://archive.is/1IQYR,manual,success,,Software Engineering,Open to All,BS/BA Required,,English,2026-05-07T23:33:41Z,,reviewed,simplify,2026-05-07T23:00:48Z
5d6c33d1-6d0a-4416-b7d6-c47f481517c5,Ensemble Health Partners,Software Engineer Intern,https://ensemblehp.wd5.myworkdayjobs.com/ensemblehealthpartnerscareers/job/Remote---Nationwide/Engineering-Excellence-Intern_R040778,https://archive.is/yGsYS,manual,success,,Software Engineering,Junior | Senior | Grad Student,BS/BA Required | MS Required,.NET | React | Azure,English,2026-05-07T15:12:16Z,,reviewed,simplify,2026-05-07T15:00:58Z
13b36132-b9cb-42d8-bc06-e610c7b94edc,Endpoint Clinical,AI Intern,https://jobs.lever.co/endpointclinical/d8e94671-b722-4bd9-94a6-c0f27008acbf/apply,https://archive.is/9awfW,manual,success,,,Open to All | Freshman | Sophomore | Junior | Senior | Grad Student,BS/BA Required | MS Required,ChatGPT | Claude | Gemini,English,2026-05-07T10:00:44Z,,reviewed,simplify,2026-05-07T09:30:41Z
35fa357f-399d-42f3-bfc6-4e500c277ab3,Salesforce,Summer 2027 Intern - Software Engineer,https://salesforce.wd12.myworkdayjobs.com/external_career_site/job/California---San-Francisco/Summer-2027-Intern---Software-Engineer_JR340771-1?jr_id=69fcf49f5cff890b03f34de5,https://archive.is/uusuv,manual,success,,Software Engineering,Freshman | Sophomore | Junior | Senior,BS/BA Required,,English,2026-05-07T21:46:44Z,,reviewed,manual,2026-05-07T00:00:00Z
336fd145-0741-4f33-aaa7-51bc5107aeeb,Metropolitan Transportation Authority,"Software Analyst / Developer, Emerging Talent Intern (Fall)",https://careers.mta.org/jobs/17697612-software-analyst-slash-developer-emerging-talent-intern-fall,https://archive.is/tZqB7,manual,success,,Software Engineering | Data Analysis,Grad Student,MS Required,,English,2026-05-08T04:00:42Z,,reviewed,manual,2026-05-07T00:00:00Z
39dca295-bc44-41f9-9a27-08b8a5cd9994,Metropolitan Transportation Authority,"Data Analyst – Automatic Camera Enforcement (ACE), Emerging Talent Intern (Fall)",https://careers.mta.org/jobs/17700042-data-analyst-automatic-camera-enforcement-ace-emerging-talent-intern-fall,https://archive.ph/lCm3t,archive.ph,success,,Data Analysis,Grad Student,MS Required,,English,2026-05-08T04:11:33Z,,reviewed,manual,2026-05-07T00:00:00Z
e413d8a4-5bbc-41f3-afbb-9c537903ed53,Metropolitan Transportation Authority,"Database Administrator MS Access, Emerging Talent Intern (Fall)",https://careers.mta.org/jobs/17701904-database-administrator-ms-access-emerging-talent-intern-fall,https://archive.is/bitg4,manual,success,,,Freshman | Sophomore | Junior | Senior,AS/AAS Required | BS/BA Required,Microsoft Excel | Microsoft Access,English,2026-05-08T04:15:02Z,,reviewed,manual,2026-05-07T00:00:00Z
01a12202-6492-4660-8c18-67333a51aa05,Leidos,Speech Processing / ASR for Low-Resource Languages Intern,https://leidos.wd5.myworkdayjobs.com/External/job/6314-RemoteTeleworker-US/XMLNAME---Intern---Speech-Processing---ASR-for-Low-Resource-Languages-_R-00182594,https://archive.is/I4dvv,manual,success,,Machine Learning / AI,Junior | Senior,BS/BA Required,Python,English,2026-05-06T23:30:54Z,,reviewed,simplify,2026-05-06T23:00:39Z
40437c0f-7771-4ec0-aedd-aa6abd7ed518,Cockroach Labs,Engineering Intern,https://www.cockroachlabs.com/careers/job/?gh_jid=7768261,https://archive.is/ZThue,manual,success,,Software Engineering,Senior,BS/BA Required,Go | C/C++ | Java | Python,English,2026-05-06T23:32:05Z,,reviewed,simplify,2026-05-06T23:00:39Z
a449e924-cf5c-473e-b0a4-29943b45a868,Integral Ad Science,Devex Platform Intern,https://integralads.wd1.myworkdayjobs.com/IAScareers/job/US---Remote-NY/DevEx-Platform-Intern_R-101466-1,https://archive.is/mYjw7,manual,success,,Software Engineering,Open to All,BS/BA Required | MS Required,Typescript | Python | Git,English,2026-05-06T22:42:23Z,,reviewed,simplify,2026-05-06T22:30:38Z
44dc6bbf-bf67-45ed-bd4f-36102982e97a,Metropolitan Transportation Authority,Data Analyst – Emerging Talent Intern - Automatic Camera Enforcement - Ace,https://jobs.jobvite.com/metropolitantransportationauthority/job/o1u5zfwT?nl=1&nl=1&fr=false,https://archive.is/sglxr,manual,success,,Data Analysis,Grad Student,MS Required,,English,2026-05-06T15:02:38Z,,reviewed,simplify,2026-05-06T14:30:40Z
66357c67-5998-4524-8bd2-55280de56b1a,Mercury Insurance,Marketing Data Analyst Intern,https://careers-mercuryinsurance.icims.com/jobs/6417/job?mobile=true&needsRedirect=false,https://archive.is/et5OM,manual,success,,Data Analysis,Freshman | Sophomore | Junior | Senior,BS/BA Required,SQL | Power BI | Tableau,English,2026-05-06T02:06:19Z,,reviewed,simplify,2026-05-06T02:00:37Z
5a584c30-3ce0-47db-9704-8a23896e8742,Metropolitan Transportation Authority,Deployed Hardware Engineer/Analyst Emerging Talent Intern - Automatic Vehicle Location,https://jobs.jobvite.com/metropolitantransportationauthority/job/omt5zfwd?nl=1&nl=1&fr=false,https://web.archive.org/web/20260505234306/https://jobs.jobvite.com/metropolitantransportationauthority/job/omt5zfwd?nl=1&nl=1&fr=false,wayback,success,,IT Support,Grad Student,MS Required,,English,2026-05-05T23:43:26Z,,reviewed,simplify,2026-05-05T23:30:40Z
47e93c35-6beb-41fc-bb7f-81c35722ff8d,Intel,Design Methodology Engineer Intern,https://intel.wd1.myworkdayjobs.com/en-us/external/job/Virtual-Canada/Design-Methodology-Engineering-Intern_JR0283526,https://archive.is/fXZrh,manual,success,,Software Engineering,Freshman | Sophomore | Junior | Senior,BS/BA Required,C | C++ | Python | VHDL | SystemVerilog | TCL | Perl | TCL | Ruby | Python,English,2026-05-05T23:31:48Z,,reviewed,simplify,2026-05-05T23:00:40Z
4316d3b6-dc12-4c25-bb13-4a917980b40b,Intel,Firmware Development Engineer Intern,https://intel.wd1.myworkdayjobs.com/en-us/external/job/Virtual-Canada/Firmware-Development-Engineer_JR0283529,https://archive.is/6Petc,manual,success,,Other,Freshman | Sophomore | Junior | Senior,BS/BA Required,C++ | Rust | System C | Python | C,English,2026-05-05T23:33:17Z,,reviewed,simplify,2026-05-05T23:00:40Z
3ef6005a-dc19-43a2-ae36-e463222f6fa7,Blackbird Labs,Engineer Intern,https://jobs.ashbyhq.com/blackbird-labs-inc/a901dd42-7c52-488a-bd55-f1d5dcd37b38/application,https://archive.is/ctFbb,manual,success,,Software Engineering,Open to All,Open to All Degrees,React | TypeScript | WebSockets,English,2026-05-05T22:51:34Z,,reviewed,simplify,2026-05-05T22:30:37Z
055aa083-296f-48f0-8045-8cb95a1ef2a0,Lynker,Space Weather Intern,https://careers-lynker.icims.com/jobs/1548/job?mobile=true&needsRedirect=false,https://archive.is/bgKTL,manual,success,,Data Science,Open to All,Open to All Degrees,Python | pandas | NumPy | SciPy | Matplotlib/Plotly,English,2026-05-05T22:53:03Z,,reviewed,simplify,2026-05-05T22:30:37Z
0cb6d8c4-17b1-456d-be16-606d06feb87c,SentinelOne,AI/Machine Learning Engineer Intern,https://www.sentinelone.com/jobs/7678136003?gh_jid=7678136003,https://web.archive.org/web/20260505231306/https://www.sentinelone.com/jobs/?gh_jid=7678136003,wayback,success,,Machine Learning / AI,Open to All,Open to All Degrees,RAG | Python | LLM,English,2026-05-05T22:53:47Z,,reviewed,simplify,2026-05-05T22:30:37Z
e187ad72-4116-4c14-a34f-8e95e658b89c,Acxiom,AI & Agentic Solutions Intern,https://acxiomllc.wd5.myworkdayjobs.com/AcxiomUSA/job/New-York/Intern---AI---Agentic-Solutions---Summer-2026_JR014151,https://archive.ph/LlGzY,archive.ph,success,,Machine Learning / AI,Open to All,Open to All Degrees,Python | RAG,English,2026-05-05T14:33:16Z,,reviewed,simplify,2026-05-05T14:30:43Z
87e1f406-2b57-4d98-9b4f-2b0c197085e3,Stride,Data Engineer Intern,https://strideinc.wd1.myworkdayjobs.com/en-US/SK/job/US-Nationwide---Remote/Data-Engineering-Intern_JR114182,https://archive.ph/LZsAn,archive.ph,success,,Data Engineering,Freshman | Sophomore | Junior | Senior,BS/BA Required,SQL | Python | AWS | Azure | GCP,English,2026-05-04T23:48:58Z,,reviewed,simplify,2026-05-04T23:30:43Z
83ed4d09-cf58-46d7-adcd-40fc0238f3a2,Cadent,Backend Engineer Intern,https://careers-cadent.icims.com/jobs/1359/backend-engineer-intern/job,https://archive.is/ahetK,manual,success,,Software Engineering,Junior | Senior,BS/BA Required,.NET | C# | AWS | Azure | Google Cloud,English,2026-05-04T10:34:07Z,,reviewed,simplify,2026-05-04T10:23:41Z
e42a0957-f1e1-461b-be85-4b1399cbf8c5,Cadent,Data Engineer Intern,https://careers-cadent.icims.com/jobs/1362/data-engineer-intern/job,https://archive.is/9TcZ6,manual,success,,Data Engineering,Senior,BS/BA Required,Python | SQL | Shell | Docker | AWS | Azure | Google Cloud,English,2026-05-04T10:32:39Z,,reviewed,simplify,2026-05-04T10:22:28Z
817f7bae-7713-4bd1-abd6-f0c2d4880c29,Shopify,Apprentice Product Manager,https://www.shopify.com/careers/apprentice-product-manager-fall-2026_c3ba24d3-9501-48f2-97c5-3ce1759aff44,https://archive.is/YTC25,manual,success,,Product Management,Open to All,Open to All Degrees,,English,2026-05-04T13:19:23Z,,reviewed,manual,2026-05-04T00:00:00Z
6a053db8-23fb-4075-8cbb-7ed2328d5f43,Cohere,Software Engineer Intern,https://jobs.ashbyhq.com/cohere/8c035d3d-081d-4c8a-914a-72f4efaad254/application,https://archive.ph/Xmohi,archive.ph,success,,Software Engineering,Open to All,Open to All Degrees,Blockchain | Web3,English,2026-05-02T00:02:14Z,,reviewed,simplify,2026-05-01T23:30:44Z
33d49b99-ffcc-4d51-ab65-58a97d2afbf0,Gemini,Software Engineer Intern,https://boards.greenhouse.io/embed/job_app?for=gemini&token=7875125&gh_jid=7875125,https://archive.is/wbE24,manual,success,,Software Engineering,Open to All,Open to All Degrees,Web3 | Blockchain,English,2026-05-02T00:04:27Z,,reviewed,simplify,2026-05-01T23:30:44Z
567343bb-16d7-4d9d-9b61-18ca665f8a16,Assurant,Strategic Reporting Intern,https://assurant.wd1.myworkdayjobs.com/External_Limited_Posting/job/United-States-Virtual/Strategic-Reporting-Intern_R-113597,https://archive.ph/R3MOx,archive.ph,success,,Data Analysis,Junior | Senior,BS/BA Required,Power BI | Semantic Models | DAX | SQL Server | SharePoint,English,2026-05-02T00:08:16Z,,reviewed,simplify,2026-05-01T23:30:44Z
afda33ed-c25b-4bcb-9bd7-a14d3fb2d0f2,MUBI,AI Transformation Intern,https://jobs.ashbyhq.com/MUBI/342a53eb-345f-4172-9264-e26237792c24/application,https://archive.is/3ekRO,manual,success,,Software Engineering,Open to All,Open to All Degrees,Gemini | Claude | OpenAI,English,2026-05-01T23:17:54Z,,reviewed,simplify,2026-05-01T23:00:47Z
86d32b2c-d4a5-4961-879c-76e0aa4f4cba,Metropolitan Transportation Authority,Product Management Intern,https://jobs.jobvite.com/metropolitantransportationauthority/job/oIy4zfwD?nl=1&nl=1&fr=false,https://web.archive.org/web/20260501231815/https://jobs.jobvite.com/metropolitantransportationauthority/job/oIy4zfwD?nl=1&nl=1&fr=false,wayback,success,,Product Management,Open to All,Open to All Degrees,,English,2026-05-01T23:18:41Z,,reviewed,simplify,2026-05-01T23:00:47Z
a2c969ec-510a-42ad-b323-d47c5bc5a702,Cotiviti,Temporary Intern - Agentic AI & Neural-Symbolic Systems - Healthcare,https://careers-cotiviti.icims.com/jobs/19075/job?mobile=true&needsRedirect=false,https://archive.is/4QGx7,manual,success,,,Freshman | Sophomore | Junior | Senior,BS/BA Required,Python | OpenAI | Claude | Gemini,English,2026-05-01T23:00:48Z,,reviewed,simplify,2026-05-01T22:30:38Z
99d71964-46d7-44c5-b6df-63a0a4b7f9ee,Vestwell,AI Engineer Intern - Tech,https://job-boards.greenhouse.io/vestwell/jobs/7722044003,https://archive.ph/3FxJN,archive.ph,success,,Data Analysis,Open to All,Open to All Degrees,Python | TypeScript | AWS | GCP | Azure | Git,English,2026-05-01T23:01:50Z,,reviewed,simplify,2026-05-01T22:30:38Z
f888ed06-3182-4e4f-94b4-7763ee515470,Welocalize,Data Science Intern,https://welocalize.wd1.myworkdayjobs.com/welocalize/job/US-remote/Data-Science-Intern_R0007663,https://archive.is/C5sBh,manual,success,,Data Science,Open to All,BS/BA Required,,English,2026-05-01T14:37:18Z,,reviewed,simplify,2026-05-01T14:30:44Z
c1b571ef-de82-4792-8035-782a245125e4,Cobalt,Data Science - Agentic AI Intern,https://job-boards.greenhouse.io/cobaltio/jobs/8512243002,https://archive.is/upFYh,manual,success,,Data Science | Machine Learning / AI,Grad Student,MS Required,Python,English,2026-05-01T12:35:33Z,,reviewed,simplify,2026-05-01T12:28:45Z
92837f3a-76ae-46c6-9a64-bf3ccc51ce73,Kira,Software Engineering Intern,https://jobs.ashbyhq.com/kira/d46f8721-f33d-4539-bb78-e07f204e8ee8,https://archive.is/QAwN6,manual,success,,Software Engineering,Open to All,Open to All Degrees,TypeScript | React | Next.js | Node | Python,English,2026-05-01T12:34:12Z,,reviewed,simplify,2026-05-01T12:20:49Z
6744cf0c-8e1c-4608-b36f-b89f93fa2824,Constant Contact,Software Engineer Co-op,https://job-boards.greenhouse.io/constantcontact/jobs/7862452,https://archive.ph/hYGHo,archive.ph,success,,Software Engineering,Open to All,Open to All Degrees,React | CSS | HTML | Java | NoSQL | Spring | JavaScript,English,2026-04-30T23:30:44Z,,reviewed,simplify,2026-04-30T23:00:44Z
717a84ac-0440-4a38-9d40-7fb0e61d327b,Globalization Partners,AI - Intern,https://job-boards.greenhouse.io/globalizationpartners/jobs/7720641003,https://archive.is/EZUpR,manual,success,,Machine Learning / AI,Junior,BS/BA Required,Python | TensorFlow | PyTorch | NLTK | spaCy | AWS,English,2026-04-30T15:30:49Z,,reviewed,simplify,2026-04-30T15:00:48Z
060d5fd2-d9cc-4d76-896f-a7183ed2a6c0,The New York Times,AI Engineer Intern,https://job-boards.greenhouse.io/thenewyorktimes/jobs/4688353005,https://archive.is/IKdNh,archive.ph,success,,,,,,English,2026-04-29T23:48:06Z,,reviewed,simplify,2026-04-29T23:31:01Z
ba54f8c0-f2b7-4ba8-ad31-8475fb716eb0,Metropolitan Transportation Authority,"Reliability Analytics, Emerging Talent Intern",https://careers.mta.org/jobs/17669709-reliability-analytics-emerging-talent-intern-fall,https://archive.is/Iaxvw,manual,success,,Data Analysis,Freshman | Sophomore | Junior | Senior,AS/AAS Required | BS/BA Required,Excel | Power BI | SQL | DAX,English,2026-05-02T17:56:08Z,,reviewed,manual,2026-04-29T00:12:10Z
caa27f3e-6106-40d7-93d0-7348ebea4c56,Metropolitan Transportation Authority,"Technology Support, Emerging Talent Intern",https://careers.mta.org/jobs/17665484-technology-support-emerging-talent-intern-fall,https://archive.is/qe8cO,manual,success,,Data Analysis,Freshman | Sophomore | Junior | Senior,AS/AAS Required | BS/BA Required,PowerBI | Sharepoint,English,2026-05-02T17:57:38Z,,reviewed,manual,2026-04-29T00:10:01Z
52014453-b015-4a04-9cd4-5967c444f77c,Metropolitan Transportation Authority,"Operations Support, Emerging Talent Intern",https://careers.mta.org/jobs/17665483-operations-support-emerging-talent-intern-fall,https://web.archive.org/web/20260429123819/https://careers.mta.org/jobs/17665483-operations-support-emerging-talent-intern-fall,wayback,success,,Data Analysis,Freshman | Sophomore | Junior | Senior,BS/BA Required,SQL | Excel | Python | Pandas,English,2026-04-29T12:47:04Z,,reviewed,manual,2026-04-28T23:58:22Z
02ddd1d3-6d60-4e8d-81ca-0e2995b60e57,Metropolitan Transportation Authority,"Transportation Operations Analysis & Development, Emerging Talent Intern",https://careers.mta.org/jobs/17662763-transportation-operations-analysis-and-development-emerging-talent-intern-fall,https://web.archive.org/web/20260429005328/https://careers.mta.org/jobs/17662763-transportation-operations-analysis-and-development-emerging-talent-intern-fall,wayback,success,,Data Analysis,Freshman | Sophomore | Junior | Senior,AS/AAS Required | BS/BA Required,Power BI,English,2026-04-29T01:42:16Z,,reviewed,manual,2026-04-28T23:53:47Z
204b9fba-55e9-4709-a9ba-af7bee3bca30,Metropolitan Transportation Authority,"Project Manager, Emerging Talent Intern",https://web.archive.org/web/20260428233640/https://careers.mta.org/jobs/17658373-project-manager-emerging-talent-intern-fall?__cf_chl_rt_tk=3_79vqFtRHdWZoUH9Cbq5lbiqCqRJsIv1CHX9jF135o-1777419341-1.0.1.1-1gzsoHxv_RWvHP414quDGrRyy4AJ2Gr1AZ9Mc9IuVyo,https://web.archive.org/web/20260428233640/https://careers.mta.org/jobs/17658373-project-manager-emerging-talent-intern-fall?__cf_chl_rt_tk=3_79vqFtRHdWZoUH9Cbq5lbiqCqRJsIv1CHX9jF135o-1777419341-1.0.1.1-1gzsoHxv_RWvHP414quDGrRyy4AJ2Gr1AZ9Mc9IuVyo,wayback,success,,Engineering (Non-Software),Open to All,Open to All Degrees,,English,2026-04-28T23:39:16Z,,reviewed,manual,2026-04-28T23:39:16Z
569ed6bf-2af9-475a-a7db-65d129476547,Centific,Technical Intern - Masters or PhD,https://centific.wd1.myworkdayjobs.com/Centific_Global/job/Remote-Work-USA/Technical-Intern--Masters-or-PhD-_JR106696-1,https://archive.ph/xOUhY,archive.ph,success,,Data Science,Grad Student,MS Required,TensorFlow | PyTorch,English,2026-04-28T23:30:40Z,,reviewed,simplify,2026-04-28T23:00:55Z
11a8d7d6-f891-4cac-bb67-5b895e603560,WSP,Innovation and Technology Intern,https://emit.fa.ca3.oraclecloud.com/hcmUI/CandidateExperience/en/sites/CX_2001/job/85886,https://ghostarchive.org/archive/TS5k0,manual,success,,Data Engineering,Freshman | Sophomore | Junior,BS/BA Required | MS Required,Power BI | R | SQL | Python | AWS,English,2026-04-28T23:31:16Z,,reviewed,simplify,2026-04-28T23:00:55Z
8446df16-f5f1-4fe4-9c20-44f6c0661737,Cambium Learning Group,Software Engineer Intern - AI Applications,https://cambiumlearning.wd1.myworkdayjobs.com/camb/job/Remote/Software-Engineer-Intern---AI-Applications_REQ-4462,https://archive.is/cVUA0,manual,success,,,Grad Student,MS Required,Python | JavaScript | TypeScript | C#,English,2026-04-28T23:32:00Z,,reviewed,simplify,2026-04-28T23:00:55Z
6ec40ca1-95e5-4505-aee1-11667fbe29f1,Kroll,Intern – Technology - Data Engineering,https://hcxs.fa.us2.oraclecloud.com/hcmUI/CandidateExperience/en/sites/CX_1/job/21013555,https://web.archive.org/web/20260426164754/https://hcxs.fa.us2.oraclecloud.com/hcmUI/CandidateExperience/en/sites/CX_1/job/21013555,wayback,success,,,,,,,2026-04-28T20:12:36Z,,reviewed,simplify,2026-04-28T17:30:57Z
1f454555-e3ae-4611-a53d-40c8d109d8c8,Kroll,Intern Technology - Cyber Risk & Infrastructure,https://hcxs.fa.us2.oraclecloud.com/hcmUI/CandidateExperience/en/sites/CX_1/job/21013557,,none,failed,,,,,,,2026-04-28T20:13:27Z,,reviewed,simplify,2026-04-28T17:30:57Z
9e0c7c74-d962-4dfd-a375-9f08ad8329ae,T. Rowe Price,T. Rowe Price Labs Intern Program,https://troweprice.wd5.myworkdayjobs.com/en-US/TRowePrice/job/New-York-NY/XMLNAME-2026-T-Rowe-Price-Labs-Internship-Program---New-York_81311,,none,failed,,,,,,,2026-04-28T20:14:19Z,,reviewed,simplify,2026-04-28T17:30:57Z
0718fecc-0b61-46aa-a33c-44fa02cce82a,Becton Dickinson,Business Data Analytics Intern - Channel Coverage,https://bdx.wd1.myworkdayjobs.com/EXTERNAL_CAREER_SITE_USA/job/USA-MD---Sparks---7-Loveton-Circle/Business-Data-Analytics-Intern--Channel-Coverage_R-544035,https://archive.ph/WLFgf,archive.ph,success,,Data Analysis,Grad Student,MS Required,Excel | SQL | Python | R,English,2026-04-28T11:25:33Z,,reviewed,simplify,2026-04-28T07:01:15Z
fdf66316-7107-429f-8489-abb929ab95ee,TikTok,Product Manager Project Intern - Brand Advertising - Monetization Product,https://lifeattiktok.com/search/7632474163383765301,https://archive.ph/i9YuX,archive.ph,success,,Product Management,Open to All,BS/BA Required | MS Required,,English | Chinese,2026-04-28T02:02:02Z,,reviewed,simplify,2026-04-28T02:01:09Z
f4e6b65a-c191-47b6-b02b-f2385f91d990,SentinelOne,Product Management Intern,https://www.sentinelone.com/jobs/7709918003?gh_jid=7709918003,https://web.archive.org/web/20260428020950/https://www.sentinelone.com/jobs/?gh_jid=7709918003,wayback,success,,Product Management,Junior | Senior,BS/BA Required | MS Required,,English,2026-04-28T02:10:09Z,,reviewed,simplify,2026-04-28T02:01:09Z
dd1b5c69-83f6-47c2-9e9b-02fcd73f5019,Cotiviti,Data Engineer AI Intern,https://careers-cotiviti.icims.com/jobs/19007/job?mobile=true&needsRedirect=false,https://archive.ph/n4yt4,archive.ph,success,,Data Engineering,Junior | Senior | Grad Student,BS/BA Required | MS Required,Python | Spark | SQL | Databricks,English,2026-04-28T00:01:09Z,,reviewed,simplify,2026-04-28T00:01:09Z
048d4314-64a9-4be8-aa3d-f1e9801a7c32,Shopify,Data and Engineering Intern,https://www.shopify.com/careers/data-and-engineering-internships-fall-2026_9b2afa1b-28fa-4ae4-8f69-80ce64059065,https://archive.ph/BYeiX,archive.ph,success,,Software Engineering | Data Engineering | Data Science,Open to All,Open to All Degrees,,English,2026-04-27T21:31:00Z,,reviewed,simplify,2026-04-27T21:31:00Z
f9409f79-48bb-4a2c-9236-57425948e3e6,TikTok,Creative Product Operations Project Intern,https://lifeattiktok.com/search/7632363492922034485,https://archive.ph/99NdX,archive.ph,success,,Product Management,Open to All,BS/BA Required | MS Required,Excel | Tableau | SQL,English | Chinese,2026-04-28T02:02:02Z,,reviewed,simplify,2026-04-27T21:31:00Z
4d9b0122-84e8-4c47-bba6-4f0bedc1b9dc,Metropolitan Transportation Authority,"Information Technology, Emerging Talent Intern",https://web.archive.org/web/20260428225906/https://careers.mta.org/jobs/17594700-information-technology-emerging-talent-intern-fall,https://web.archive.org/web/20260428225906/https://careers.mta.org/jobs/17594700-information-technology-emerging-talent-intern-fall,wayback,success,,IT Support,Freshman | Sophomore | Junior | Senior,AS/AAS Required | BS/BA Required,,English,2026-04-28T23:01:50Z,,reviewed,manual,2026-04-08T00:00:00Z
4f7cb481-182f-4e4b-8d60-1341ff96f5b3,Metropolitan Transportation Authority,"Engineering, Emerging Talent Intern",https://careers.mta.org/jobs/17594702-engineering-emerging-talent-intern-fall,https://web.archive.org/web/20260428230928/https://careers.mta.org/jobs/17594702-engineering-emerging-talent-intern-fall,wayback,success,,Engineering (Non-Software),Freshman | Sophomore,AS/AAS Required | BS/BA Required,,English,2026-04-28T23:19:18Z,,reviewed,manual,2026-04-08T00:00:00Z
3072b230-244a-4010-bb65-9cb60880223b,Metropolitan Transportation Authority,"Enterprise Asset Management (EAM) Analyst, Emerging Talent Intern",https://careers.mta.org/jobs/17480914-enterprise-asset-management-eam-analyst-emerging-talent-intern-fall,https://web.archive.org/web/20260428223858/https://careers.mta.org/jobs/17480914-enterprise-asset-management-eam-analyst-emerging-talent-intern-fall,wayback,success,,Data Analysis,Grad Student,MS Required,SQL,English,2026-04-28T22:43:11Z,,reviewed,manual,2026-03-13T00:00:00Z
