timestamp,company,role,status_change,reason
2026-09-01T06:03:41Z,Blackstone,Blackstone Credit and Insurance – Quant and Portfolio Analytics Summer Analyst Intern,active -> inactive,Applications closed
2026-09-01T06:03:41Z,Charles Schwab,Data Engineering Intern - Data Engineering,active -> inactive,Applications closed
2026-09-01T06:03:41Z,Charles Schwab,Software Engineering Intern - Technology,active -> inactive,Applications closed
2026-09-01T06:03:41Z,Goldman Sachs,Quantitative Strategist Associate Intern - The Core Quantitative Strats,active -> inactive,Applications closed
2026-09-01T06:03:41Z,Goldman Sachs,Quantitative Strategist Intern - Multiple Teams,active -> inactive,Applications closed
2026-09-01T06:03:41Z,Goldman Sachs,Summer Analyst Intern - Americas - AWM Product Management,active -> inactive,Applications closed
2026-09-01T06:03:41Z,Goldman Sachs,Summer Analyst Intern - Wealth Management - Product Management and Design,active -> inactive,Applications closed
2026-09-01T06:03:41Z,Intuit,Software Engineer Intern - Full Stack,active -> inactive,Applications closed
2026-09-01T06:03:41Z,Leidos,Software Engineer Intern - Artificial Intelligence,active -> inactive,Applications closed
2026-09-01T06:03:41Z,Mastercard,Software Engineer Intern,active -> inactive,Applications closed
2026-09-01T06:03:41Z,Motorola,Android Platform Software Engineer Intern - Summer 2027,active -> inactive,Applications closed
2026-09-01T06:03:41Z,Parsons,Software Intern - Summer 2027,active -> inactive,Applications closed
2026-09-01T06:03:41Z,RRS Group,Software Engineer Intern - Placement Year,active -> inactive,Applications closed
2026-09-01T06:03:41Z,Vanguard,Data Science Intern - College to Corporate IT,inactive -> active,Reopened
2026-09-01T06:03:41Z,Verisk,AI Intern - Summer Internship Program,inactive -> active,Reopened
2026-09-02T05:30:07Z,GlossGenius,Engineering Intern,active -> inactive,Applications closed
2026-09-02T05:30:07Z,ISN Software,Software Developer Intern - Fall 2026,active -> inactive,Applications closed
2026-09-02T05:30:07Z,Medline,RPA & Agentic AI Software Technologies Intern - Summer 2027,active -> inactive,Applications closed
2026-09-02T05:30:07Z,PSP Investments,AI Solutions Intern - External Manager Selection & Monitoring,active -> inactive,Applications closed
2026-09-02T05:30:07Z,Panasonic Holdings,Back-End Cloud Developer Intern,active -> inactive,Applications closed
2026-09-02T05:30:07Z,RRS Group,Investment Analyst Intern,active -> inactive,Applications closed
2026-09-02T05:30:07Z,GE Healthcare,Engineering Development Program Intern - Hardware,inactive -> active,Reopened
2026-09-02T05:30:07Z,GE Healthcare,Engineering Development Program Intern - Software,inactive -> active,Reopened
2026-09-02T05:30:07Z,Google,Research Intern - PhD,inactive -> active,Reopened
2026-09-02T05:30:07Z,Google,Software Developer Intern,inactive -> active,Reopened
2026-09-02T05:30:07Z,Marsh,Government Health Consulting Informatics Intern - College Program,inactive -> active,Reopened
2026-09-02T05:30:07Z,Mastercard,Software Engineer Intern,inactive -> active,Reopened
2026-09-02T05:30:07Z,Microsoft,Software Engineer Intern - CoreAI,inactive -> active,Reopened
2026-09-02T05:30:07Z,Royal Bank of Canada,Global Markets Quantitative Trading Summer Analyst - Capital Markets,inactive -> active,Reopened
2026-09-03T05:31:00Z,American Express,Software Engineering Apprentice - Technology,active -> inactive,Applications closed
2026-09-03T05:31:00Z,Blackhawk Network Holdings,Technology Intern,active -> inactive,Applications closed
2026-09-03T05:31:00Z,Bosch Home Comfort,Calibration Process Optimization Intern,active -> inactive,Applications closed
2026-09-03T05:31:00Z,Boston Scientific,R&D Hardware Engineer Intern - Interns/Graduates,active -> inactive,Applications closed
2026-09-03T05:31:00Z,Boston Scientific,Research Data Science Intern - Active Implantable Systems,active -> inactive,Applications closed
2026-09-03T05:31:00Z,ByteDance,Research Intern - AI Compute,active -> inactive,Applications closed
2026-09-03T05:31:00Z,CTGT,Software Engineer Intern,active -> inactive,Applications closed
2026-09-03T05:31:00Z,Castleton Commodities International,Data Science Machine Learning Intern,active -> inactive,Applications closed
2026-09-03T05:31:00Z,Castleton Commodities International,Front Office Software Engineer Intern,active -> inactive,Applications closed
2026-09-03T05:31:00Z,Citi,Markets Analyst Intern - Sales and Trading,active -> inactive,Applications closed
2026-09-03T05:31:00Z,Corning,Digital & IT Intern - Analyst - Enterprise Data Management,active -> inactive,Applications closed
2026-09-03T05:31:00Z,Corning,Digital & IT Intern - Analyst - Machine Learning,active -> inactive,Applications closed
2026-09-03T05:31:00Z,Corning,Optical Fiber and Cable Engineer Intern - Summer 2027,active -> inactive,Applications closed
2026-09-03T05:31:00Z,Deutsche Bank,Quantitative Analyst Intern - GSA,active -> inactive,Applications closed
2026-09-03T05:31:00Z,DraftKings,Data Science Intern - Summer 2027,active -> inactive,Applications closed
2026-09-03T05:31:00Z,GE Aerospace,Product Definition Engineer Intern - Designer,active -> inactive,Applications closed
2026-09-03T05:31:00Z,Geico,Artificial Intelligence Applied Research & Machine Learning Intern - PhD,active -> inactive,Applications closed
2026-09-03T05:31:00Z,General Motors,Electrical & SDV Intern - Global Manufacturing,active -> inactive,Applications closed
2026-09-03T05:31:00Z,Grant Thornton,Tax Technology Intern - Summer 2027,active -> inactive,Applications closed
2026-09-03T05:31:00Z,HNTB,Strategic Technology Intern,active -> inactive,Applications closed
2026-09-03T05:31:00Z,Hermeus,Software Engineer Intern - Hardware in the Loop,active -> inactive,Applications closed
2026-09-03T05:31:00Z,JP Morgan Chase,Product Manager Intern - Chase Digital Development Programme,active -> inactive,Applications closed
2026-09-03T05:31:00Z,JP Morgan Chase,Summer Analyst Intern - Corporate Functions - Corporate Analyst Development Program,active -> inactive,Applications closed
2026-09-03T05:31:00Z,Johns Hopkins Applied Physics Laboratory,Signal Processing Intern - Multiple Teams,active -> inactive,Applications closed
2026-09-03T05:31:00Z,MKS Instruments,Business Intelligence/Data Analytics Intern,active -> inactive,Applications closed
2026-09-03T05:31:00Z,Marsh,Government Health Consulting Informatics Intern - College Program,active -> inactive,Applications closed
2026-09-03T05:31:00Z,Medline,Business Systems Intern - Summer 2027,active -> inactive,Applications closed
2026-09-03T05:31:00Z,NJM Insurance Group,Insurance Product Management Analyst Intern 3,active -> inactive,Applications closed
2026-09-03T05:31:00Z,Nationwide,Technology Intern,active -> inactive,Applications closed
2026-09-03T05:31:00Z,NiSource,Engineering Intern,active -> inactive,Applications closed
2026-09-03T05:31:00Z,POET,Process Engineering Intern,active -> inactive,Applications closed
2026-09-03T05:31:00Z,Panasonic Holdings,Data Engineering Intern,active -> inactive,Applications closed
2026-09-03T05:31:00Z,Philips,Software Engineer Co-op - R&D,active -> inactive,Applications closed
2026-09-03T05:31:00Z,Post Holdings,Product R&D Intern - Summer 2027,active -> inactive,Applications closed
2026-09-03T05:31:00Z,Pylon,Software Engineer Intern,active -> inactive,Applications closed
2026-09-03T05:31:00Z,TC Energy,Engineering Intern - Engineering,active -> inactive,Applications closed
2026-09-03T05:31:00Z,Travelers,Engineering Development Intern,active -> inactive,Applications closed
2026-09-03T05:31:00Z,United Airlines,Sales Product Intern,active -> inactive,Applications closed
2026-09-03T05:31:00Z,United Parcel Service,Information Technology Intern - Multiple Teams,active -> inactive,Applications closed
2026-09-03T05:31:00Z,Woodward Governor,SAP S/4HANA Analyst Intern,active -> inactive,Applications closed
2026-09-03T05:31:00Z,Goldman Sachs,Quantitative Strategist Associate Intern - The Core Quantitative Strats,inactive -> active,Reopened
2026-09-03T05:31:00Z,Goldman Sachs,Quantitative Strategist Intern - Multiple Teams,inactive -> active,Reopened
2026-09-03T05:31:00Z,Goldman Sachs,Summer Analyst Intern - Wealth Management - Product Management and Design,inactive -> active,Reopened
2026-09-04T05:35:32Z,AQR Capital Management,Trading Analyst Intern,active -> inactive,Applications closed
2026-09-04T05:35:32Z,Air Products,Information Technology/Digital Technology Intern - Infrastructure Services,active -> inactive,Applications closed
2026-09-04T05:35:32Z,Ameren,DERMS Co-op/Intern,active -> inactive,Applications closed
2026-09-04T05:35:32Z,American Express,Campus Undergraduate Summer Internship - Strategy & Analytics - Credit & Fraud Risk,active -> inactive,Applications closed
2026-09-04T05:35:32Z,Analysis Group,Research Professional Intern - Generalist,active -> inactive,Applications closed
2026-09-04T05:35:32Z,Anheuser-Busch,Technology Intern,active -> inactive,Applications closed
2026-09-04T05:35:32Z,Auto-Owners Insurance,Predictive Modeler Intern - Summer 2027,active -> inactive,Applications closed
2026-09-04T05:35:32Z,Avery Dennison,RFID Applications Engineer Co-op - Summer 2027 - Plus one semester,active -> inactive,Applications closed
2026-09-04T05:35:32Z,BNY,Trading Intern - Trading,active -> inactive,Applications closed
2026-09-04T05:35:32Z,BerryDunn,Consulting Intern - Healthcare Data Management and Strategy,active -> inactive,Applications closed
2026-09-04T05:35:32Z,Blackstone,Software Engineer Summer Analyst - Blackstone Technology & Innovations,active -> inactive,Applications closed
2026-09-04T05:35:32Z,Booz Allen,AI RAN Telecommunications Engineer Intern,active -> inactive,Applications closed
2026-09-04T05:35:32Z,ByteDance,Machine Learning Engineer Intern,active -> inactive,Applications closed
2026-09-04T05:35:32Z,ByteDance,Software Engineer Intern - AML-Engine-Orchestration,active -> inactive,Applications closed
2026-09-04T05:35:32Z,CACI,GMU Scholar Program Intern,active -> inactive,Applications closed
2026-09-04T05:35:32Z,CNO Financial Group,Reporting Analyst Intern,active -> inactive,Applications closed
2026-09-04T05:35:32Z,Capital One,Technology Intern,active -> inactive,Applications closed
2026-09-04T05:35:32Z,Castleton Commodities International,Commodities Trading Analyst Internship,active -> inactive,Applications closed
2026-09-04T05:35:32Z,Compeer Financial,New Markets Intern,active -> inactive,Applications closed
2026-09-04T05:35:32Z,DV Trading,Trading Intern - Summer 2027 - DV Commodities,active -> inactive,Applications closed
2026-09-04T05:35:32Z,Deloitte,AI Innovation Summer Scholar Intern - AI Innovation,active -> inactive,Applications closed
2026-09-04T05:35:32Z,Deloitte,Forensic Analytics Summer Scholar Intern - Forensic Analytics,active -> inactive,Applications closed
2026-09-04T05:35:32Z,Diamondback Energy,Geoscience Intern,active -> inactive,Applications closed
2026-09-04T05:35:32Z,Dimensional Fund Advisors,Global Client Group Operations Insights Intern - Undergraduate & Master's,active -> inactive,Applications closed
2026-09-04T05:35:32Z,Fannie Mae,Technology Program Intern,active -> inactive,Applications closed
2026-09-04T05:35:32Z,GE Aerospace,Digital Technology Intern - Multiple Teams,active -> inactive,Applications closed
2026-09-04T05:35:32Z,Genworth Financial,IT Development Program Intern - IT Development Program,active -> inactive,Applications closed
2026-09-04T05:35:32Z,Grant Thornton,"AI, Data & Technology Intern - Summer 2027",active -> inactive,Applications closed
2026-09-04T05:35:32Z,HNTB,Strategic Technology Intern - SED Division,active -> inactive,Applications closed
2026-09-04T05:35:32Z,Hitachi,Engineering Intern,active -> inactive,Applications closed
2026-09-04T05:35:32Z,Humana,Technology Intern,active -> inactive,Applications closed
2026-09-04T05:35:32Z,IMC Trading,Machine Learning Research Intern,active -> inactive,Applications closed
2026-09-04T05:35:32Z,IMEG,Innovation Services Intern,active -> inactive,Applications closed
2026-09-04T05:35:32Z,Iberdrola Group,Technology – Cyber & Data Intern,active -> inactive,Applications closed
2026-09-04T05:35:32Z,InfiniteQuant,Quantitative Researcher Intern - Summer 2027,active -> inactive,Applications closed
2026-09-04T05:35:32Z,JP Morgan Chase,Software Engineer Intern - Software Engineer Program,active -> inactive,Applications closed
2026-09-04T05:35:32Z,Jane Street,Sales and Trading Intern,active -> inactive,Applications closed
2026-09-04T05:35:32Z,Johnson & Johnson,Materials Engineer Co-op,active -> inactive,Applications closed
2026-09-04T05:35:32Z,Johnson & Johnson,Technology Intern - Technology LDP,active -> inactive,Applications closed
2026-09-04T05:35:32Z,KPMG,Technical Consultant Intern Co-op - Global Compliance and Transformation,active -> inactive,Applications closed
2026-09-04T05:35:32Z,KeyBank,Analytics and Quantitative Modeling Intern - Analytics & Quantitative Modeling,active -> inactive,Applications closed
2026-09-04T05:35:32Z,KeyBank,Data Intern - Key Technology & Services - Data Track,active -> inactive,Applications closed
2026-09-04T05:35:32Z,KeyBank,Technology Track Intern - Key Technology and Services,active -> inactive,Applications closed
2026-09-04T05:35:32Z,LPL Financial Holdings,Internal Audit Intern - Multiple Teams,active -> inactive,Applications closed
2026-09-04T05:35:32Z,LPL Financial Holdings,Service Transformation & Data Analytics Intern,active -> inactive,Applications closed
2026-09-04T05:35:32Z,Lawrence Livermore National Laboratory,Computational Engineering Graduate Intern,active -> inactive,Applications closed
2026-09-04T05:35:32Z,Leidos,Computer Engineering Co-op,active -> inactive,Applications closed
2026-09-04T05:35:32Z,Mackenzie Investments,Investment Management Intern - Canadian Equities,active -> inactive,Applications closed
2026-09-04T05:35:32Z,Marsh,Summer Analyst - Data and Analytics,active -> inactive,Applications closed
2026-09-04T05:35:32Z,Merchants Bank of Indiana,Business Technology Intern - Application Development,active -> inactive,Applications closed
2026-09-04T05:35:32Z,Micron Technology,Advanced Spectroscopy and Nanoscale Materials Characterization Intern,active -> inactive,Applications closed
2026-09-04T05:35:32Z,Montenson,Investment Analyst Intern,active -> inactive,Applications closed
2026-09-04T05:35:32Z,Montenson,Sustainability Engineer Intern,active -> inactive,Applications closed
2026-09-04T05:35:32Z,Motorola,Supply Chain Data Analyst Intern,active -> inactive,Applications closed
2026-09-04T05:35:32Z,Nationwide,Economics Intern,active -> inactive,Applications closed
2026-09-04T05:35:32Z,Ontario Teachers' Pension Plan,Investments Intern,active -> inactive,Applications closed
2026-09-04T05:35:32Z,PGIM,Product and Institutional Client Intern - Multiple Teams,active -> inactive,Applications closed
2026-09-04T05:35:32Z,PIMCO,Product Analyst Intern,active -> inactive,Applications closed
2026-09-04T05:35:32Z,PIMCO,Trading Analyst Intern,active -> inactive,Applications closed
2026-09-04T05:35:32Z,Philips,Data AI/ML Engineer Intern - Image Guided Therapy Devices - Software R&D,active -> inactive,Applications closed
2026-09-04T05:35:32Z,PricewaterhouseCoopers,"Cloud, Data and AI Intern - Cloud, Data and AI",active -> inactive,Applications closed
2026-09-04T05:35:32Z,PricewaterhouseCoopers,Summer Intern - SAP,active -> inactive,Applications closed
2026-09-04T05:35:32Z,Procter & Gamble,IT Project & Product Manager Intern,active -> inactive,Applications closed
2026-09-04T05:35:32Z,Procter & Gamble,"Research & Development Scientist/Engineer Intern - Freshmen, Sophomores, And Juniors",active -> inactive,Applications closed
2026-09-04T05:35:32Z,Prudential Financial,Product and Institutional Client Intern - Multiple Teams,active -> inactive,Applications closed
2026-09-04T05:35:32Z,QTS,Data Center Infrastructure Management Intern - DCIM,active -> inactive,Applications closed
2026-09-04T05:35:32Z,Repsol,Geology & Geophysics Intern,active -> inactive,Applications closed
2026-09-04T05:35:32Z,State Farm,Financial Operations Data Analytics Intern,active -> inactive,Applications closed
2026-09-04T05:35:32Z,TD Bank,Quantitative Associate - Quantitative Rotation Program,active -> inactive,Applications closed
2026-09-04T05:35:32Z,TMEIC Corporation Americas,Engineer Intern - Spring 2027,active -> inactive,Applications closed
2026-09-04T05:35:32Z,The Federal Reserve System,Technical Intern - Federal Reserve - National IT,active -> inactive,Applications closed
2026-09-04T05:35:32Z,TikTok,Client Solutions Intern,active -> inactive,Applications closed
2026-09-04T05:35:32Z,TikTok,Issue Discovery Operations Intern - Content Ecosystem,active -> inactive,Applications closed
2026-09-04T05:35:32Z,TikTok,Machine Learning MLOps Intern - Global Site Reliability Engineering,active -> inactive,Applications closed
2026-09-04T05:35:32Z,Tower Research Capital,Quantitative Trader Intern,active -> inactive,Applications closed
2026-09-04T05:35:32Z,Verdantas,Data Analytics Intern,active -> inactive,Applications closed
2026-09-04T05:35:32Z,Verition Fund Management,Technology Intern,active -> inactive,Applications closed
2026-09-04T05:35:32Z,Vertiv,Product Management Intern - Product Marketing,active -> inactive,Applications closed
2026-09-04T05:35:32Z,Vertiv,Thermal Application Engineer Intern - Summer 2027,active -> inactive,Applications closed
2026-09-04T05:35:32Z,W.W. Grainger,Business Systems Analyst Intern,active -> inactive,Applications closed
2026-09-04T05:35:32Z,Wabtec,Digital Intern,active -> inactive,Applications closed
2026-09-04T05:35:32Z,WhiteWater Midstream,Trading Operations Intern - Summer 2027,active -> inactive,Applications closed
2026-09-04T05:35:32Z,Winland Foods,Product Development Intern,active -> inactive,Applications closed
2026-09-04T05:35:32Z,Zipline,Computational Physics Intern - Summer 2027,active -> inactive,Applications closed
2026-09-04T05:35:32Z,Akuna Capital University,Hardware Engineer Intern,inactive -> active,Reopened
2026-09-04T05:35:32Z,Akuna Capital University,Quantitative Research Intern,inactive -> active,Reopened
2026-09-04T05:35:32Z,Akuna Capital University,Software Engineer Intern - C++,inactive -> active,Reopened
2026-09-04T05:35:32Z,Five Rings Capital,Quantitative Researcher Intern,inactive -> active,Reopened
2026-09-04T05:35:32Z,Five Rings Capital,Software Developer Intern - Software Developer,inactive -> active,Reopened
2026-09-04T05:35:32Z,Goldman Sachs,Summer Analyst Intern - Americas - AWM Product Management,inactive -> active,Reopened
2026-09-04T05:35:32Z,Hilton Worldwide,"Corporate Summer Internship - Technology, Software Engineering and Cyber",inactive -> active,Reopened
2026-09-04T05:35:32Z,NJM Insurance Group,Insurance Product Management Analyst Intern 3,inactive -> active,Reopened
2026-09-04T05:35:32Z,Ontario Teachers' Pension Plan,Total Fund Risk Intern - Months,inactive -> active,Reopened
2026-09-04T05:35:32Z,Pylon,Software Engineer Intern,inactive -> active,Reopened
2026-09-05T05:18:49Z,AlixPartners,Data Scientist Intern,active -> inactive,Applications closed
2026-09-05T05:18:49Z,Cigna Group,Healthcare Policy & Regulated Markets Intern,active -> inactive,Applications closed
2026-09-05T05:18:49Z,Clorox,Sales Analyst Intern - Customer Analytics,active -> inactive,Applications closed
2026-09-05T05:18:49Z,Crum & Forster Insurance,"Actuarial, Data Science or Product Services Intern - Commercial Lines",active -> inactive,Applications closed
2026-09-05T05:18:49Z,DTCC,Product Management Intern - 2027 Internship Program,active -> inactive,Applications closed
2026-09-05T05:18:49Z,Engenious Design,Systems Architecture Intern,active -> inactive,Applications closed
2026-09-05T05:18:49Z,First National Bank,Capital Markets Intern,active -> inactive,Applications closed
2026-09-05T05:18:49Z,Freddie Mac,Capital Markets Intern - Summer 2027,active -> inactive,Applications closed
2026-09-05T05:18:49Z,GE Vernova,Application Engineer Co-op/Intern - PCS,active -> inactive,Applications closed
2026-09-05T05:18:49Z,GE Vernova,Energy Optimization Software Engineer Intern - Summer 2027,active -> inactive,Applications closed
2026-09-05T05:18:49Z,Goldman Sachs,Quantitative Strategist Associate Intern - The Core Quantitative Strats,active -> inactive,Applications closed
2026-09-05T05:18:49Z,Goldman Sachs,Quantitative Strategist Intern - Investment Banking,active -> inactive,Applications closed
2026-09-05T05:18:49Z,Goldman Sachs,Summer Analyst Intern - Americas - AWM Product Management,active -> inactive,Applications closed
2026-09-05T05:18:49Z,Goldman Sachs,Summer Analyst Intern - Wealth Management - Product Management and Design,active -> inactive,Applications closed
2026-09-05T05:18:49Z,John Deere,Product Engineering Intern,active -> inactive,Applications closed
2026-09-05T05:18:49Z,Johns Hopkins Applied Physics Laboratory,Systems Exploitation Intern - Reverse Engineer - Systems Exploitation,active -> inactive,Applications closed
2026-09-05T05:18:49Z,Medline,Product Management Intern - Summer 2027,active -> inactive,Applications closed
2026-09-05T05:18:49Z,Medtronic,Engineering Intern,active -> inactive,Applications closed
2026-09-05T05:18:49Z,Merchants Bank of Indiana,Capital Markets Intern - Single-Family,active -> inactive,Applications closed
2026-09-05T05:18:49Z,Northwestern Mutual,Investment Analyst Intern - Private Debt & Equity,active -> inactive,Applications closed
2026-09-05T05:18:49Z,Northwood Space,Supply Chain Data & Analytics Intern,active -> inactive,Applications closed
2026-09-05T05:18:49Z,PGIM,Public Credit Summer Investment Analyst Intern - Portfolio Analysis Group,active -> inactive,Applications closed
2026-09-05T05:18:49Z,POET,Plant Engineer Intern - Summer 2027,active -> inactive,Applications closed
2026-09-05T05:18:49Z,PricewaterhouseCoopers,Diligence Analytics Intern - Deals,active -> inactive,Applications closed
2026-09-05T05:18:49Z,Protiviti,Technology Consulting Intern - 2027,active -> inactive,Applications closed
2026-09-05T05:18:49Z,Prudential Financial,Public Credit Summer Investment Analyst Intern - Portfolio Analysis Group,active -> inactive,Applications closed
2026-09-05T05:18:49Z,RSM,Enterprise Data Integration and Migration Intern,active -> inactive,Applications closed
2026-09-05T05:18:49Z,RTX,Electrical Engineer Intern,active -> inactive,Applications closed
2026-09-05T05:18:49Z,RTX,Methods Intern - Hot Section Engineering,active -> inactive,Applications closed
2026-09-05T05:18:49Z,RTX,Software Engineer Intern - Summer 2027,active -> inactive,Applications closed
2026-09-05T05:18:49Z,Springs Window Fashions,Application Engineering Intern - Summer 2027,active -> inactive,Applications closed
2026-09-05T05:18:49Z,Susquehanna International Group,Trading System Engineer Intern,active -> inactive,Applications closed
2026-09-05T05:18:49Z,The Trade Desk,Software Engineering Intern,active -> inactive,Applications closed
2026-09-05T05:18:49Z,Zipline,Long Range Platform Hardware Engineering Intern,active -> inactive,Applications closed
2026-09-05T05:18:49Z,AQR Capital Management,Trading Analyst Intern,inactive -> active,Reopened
2026-09-05T05:18:49Z,Blackstone,Software Engineer Summer Analyst - Blackstone Technology & Innovations,inactive -> active,Reopened
2026-09-05T05:18:49Z,Charles Schwab,Data Engineering Intern - Data Engineering,inactive -> active,Reopened
2026-09-05T05:18:49Z,Charles Schwab,Software Engineering Intern - Technology,inactive -> active,Reopened
2026-09-05T05:18:49Z,KeyBank,Data Intern - Key Technology & Services - Data Track,inactive -> active,Reopened
2026-09-05T05:18:49Z,Marsh,Government Health Consulting Informatics Intern - College Program,inactive -> active,Reopened
2026-09-05T05:18:49Z,NVIDIA,Digital Circuit Design Intern,inactive -> active,Reopened
2026-09-05T05:18:49Z,Quantbot Technologies,Machine Learning Research Engineer Intern,inactive -> active,Reopened
2026-09-05T05:18:49Z,State Farm,Financial Operations Data Analytics Intern,inactive -> active,Reopened
2026-09-05T05:18:49Z,T. Rowe Price,Global Trading Intern,inactive -> active,Reopened
2026-09-06T05:34:54Z,Boston Scientific,Research Algorithm & Data Science Intern - Interns/Graduates,active -> inactive,Applications closed
2026-09-06T05:34:54Z,Marshall Wace,Technology Intern,active -> inactive,Applications closed
2026-09-06T05:34:54Z,Mastercard,Software Engineer Intern,active -> inactive,Applications closed
2026-09-06T05:34:54Z,Royal Bank of Canada,Business Analyst Intern - AI Innovation,active -> inactive,Applications closed
2026-09-06T05:34:54Z,Goldman Sachs,Quantitative Strategist Associate Intern - The Core Quantitative Strats,inactive -> active,Reopened
2026-09-06T05:34:54Z,Goldman Sachs,Quantitative Strategist Intern - Investment Banking,inactive -> active,Reopened
2026-09-07T05:45:17Z,Flow Traders,Quantitative Trading Intern,active -> inactive,Applications closed
2026-09-07T05:45:17Z,Jump Trading,Campus Quantitative Researcher Intern - PhD,active -> inactive,Applications closed
2026-09-07T05:45:17Z,AArete,Business Analytics Intern - Summer 2027,inactive -> active,Reopened
2026-09-08T05:39:41Z,Arrowstreet Capital,Quantitative Developer Intern,active -> inactive,Applications closed
2026-09-08T05:39:41Z,Charles Schwab,Data Engineering Intern - Data Engineering,active -> inactive,Applications closed
2026-09-08T05:39:41Z,Charles Schwab,Software Engineering Intern - Technology,active -> inactive,Applications closed
2026-09-08T05:39:41Z,InfiniteQuant,Quantitative Developer Internship - Summer 2027,active -> inactive,Applications closed
2026-09-08T05:39:41Z,Marsh,Government Health Consulting Informatics Intern - College Program,active -> inactive,Applications closed
2026-09-08T05:39:41Z,Northrop Grumman,Software Engineer Intern,active -> inactive,Applications closed
2026-09-08T05:39:41Z,PayPal,Software Engineer Intern,active -> inactive,Applications closed
2026-09-08T05:39:41Z,Pylon,Software Engineer Intern,active -> inactive,Applications closed
2026-09-08T05:39:41Z,TikTok,Product Manager Intern - TikTok LIVE-AI & Ecosystem Governance,active -> inactive,Applications closed
2026-09-08T05:39:41Z,Goldman Sachs,Summer Analyst Intern - Americas - AWM Product Management,inactive -> active,Reopened
2026-09-08T05:39:41Z,Goldman Sachs,Summer Analyst Intern - Engineering,inactive -> active,Reopened
2026-09-08T05:39:41Z,Goldman Sachs,Summer Analyst Intern - Wealth Management - Product Management and Design,inactive -> active,Reopened
2026-09-08T05:39:41Z,Marsh,Summer Analyst - Data and Analytics,inactive -> active,Reopened
2026-09-08T05:39:41Z,Xcel Energy,Gas & Electric Design Analytics and Process Improvement Intern - MN,inactive -> active,Reopened
2026-09-09T05:45:26Z,Amgen,Operations Graduate Program Intern - Operations,active -> inactive,Applications closed
2026-09-09T05:45:26Z,AnaVation,Computer Science Intern,active -> inactive,Applications closed
2026-09-09T05:45:26Z,Bank of Montreal,Investment Intern Co-op - Gam,active -> inactive,Applications closed
2026-09-09T05:45:26Z,Cox,Software Engineer Intern - Summer 2027,active -> inactive,Applications closed
2026-09-09T05:45:26Z,Freddie Mac,Multifamily Digital Product Analysis Intern - Summer 2027,active -> inactive,Applications closed
2026-09-09T05:45:26Z,GE Appliances,Electrical Engineer Co-op,active -> inactive,Applications closed
2026-09-09T05:45:26Z,Goldman Sachs,Quantitative Strategist Associate Intern - The Core Quantitative Strats,active -> inactive,Applications closed
2026-09-09T05:45:26Z,Goldman Sachs,Summer Analyst Intern - Wealth Management - Product Management and Design,active -> inactive,Applications closed
2026-09-09T05:45:26Z,KPMG,Product Specialist Intern Co-op - Asset Management Digital Solutions,active -> inactive,Applications closed
2026-09-09T05:45:26Z,Microsoft,Software Engineer Intern - AI and ML,active -> inactive,Applications closed
2026-09-09T05:45:26Z,Microsoft,Software Engineer Intern - CoreAI,active -> inactive,Applications closed
2026-09-09T05:45:26Z,Moderna,Applied Technologies Intern,active -> inactive,Applications closed
2026-09-09T05:45:26Z,RTX,Software Engineer Co-op - Summer/Fall 2027,active -> inactive,Applications closed
2026-09-09T05:45:26Z,RTX,Technical Publications Technical Developer Intern - Artificial Intelligence/Machine Learning,active -> inactive,Applications closed
2026-09-09T05:45:26Z,United Airlines,Clubs & Lounges Intern - Summer 2027,active -> inactive,Applications closed
2026-09-09T05:45:26Z,United Airlines,Operations Data & Analytics Intern - Summer 2027,active -> inactive,Applications closed
2026-09-09T05:45:26Z,Wells Fargo,Applied Computational Intelligence Intern - ACI Masters - Early Careers,active -> inactive,Applications closed
2026-09-09T05:45:26Z,DraftKings,Data Science Intern - Summer 2027,inactive -> active,Reopened
2026-09-09T05:45:26Z,Leidos,Computer Engineering Co-op,inactive -> active,Reopened
2026-09-09T05:45:26Z,Textron,Software Engineer Intern,inactive -> active,Reopened
2026-09-09T05:45:26Z,United Airlines,Sales Product Intern,inactive -> active,Reopened
2026-09-10T05:40:04Z,Aerotech,Electrical/Computer Engineering Intern Co-op,active -> inactive,Applications closed
2026-09-10T05:40:04Z,CHAOS Industries,Electrical Engineer Intern - Summer 2027,active -> inactive,Applications closed
2026-09-10T05:40:04Z,CNO Financial Group,Artificial Intelligence Information Technology Intern - AI,active -> inactive,Applications closed
2026-09-10T05:40:04Z,Citi,Quantitative Risk Management Summer Analyst Intern - Functions,active -> inactive,Applications closed
2026-09-10T05:40:04Z,Dick's Sporting Goods,Data Analytics & Engineering Intern,active -> inactive,Applications closed
2026-09-10T05:40:04Z,Entergy,Engineering Intern,active -> inactive,Applications closed
2026-09-10T05:40:04Z,Hilton Worldwide,"Corporate Summer Internship - Technology, Software Engineering and Cyber",active -> inactive,Applications closed
2026-09-10T05:40:04Z,InfiniteQuant,Quantitative Researcher Intern - Summer 2027,active -> inactive,Applications closed
2026-09-10T05:40:04Z,Marsh & McLennan,Data & Analytics Intern - Data & Analytics,active -> inactive,Applications closed
2026-09-10T05:40:04Z,ONE Finance,AI Research Intern,active -> inactive,Applications closed
2026-09-10T05:40:04Z,Sensata,Electrical Engineer Intern,active -> inactive,Applications closed
2026-09-10T05:40:04Z,Virtu Financial,Frontend Developer Internship,active -> inactive,Applications closed
2026-09-10T05:40:04Z,Goldman Sachs,Quantitative Strategist Associate Intern - The Core Quantitative Strats,inactive -> active,Reopened
2026-09-10T05:40:04Z,Goldman Sachs,Summer Analyst Intern - Engineering,inactive -> active,Reopened
2026-09-10T05:40:04Z,Medline,RPA & Agentic AI Software Technologies Intern - Summer 2027,inactive -> active,Reopened
2026-09-10T05:40:04Z,PricewaterhouseCoopers,Diligence Analytics Intern - Deals,inactive -> active,Reopened
2026-09-11T05:39:37Z,AMD,Research Engineering Intern/Co-op - AMD Research,active -> inactive,Applications closed
2026-09-11T05:39:37Z,AnaVation,Computer Science Intern - Summer Program,active -> inactive,Applications closed
2026-09-11T05:39:37Z,Brunswick,Reinforcement Learning Intern - Boating Intelligence Design Lab,active -> inactive,Applications closed
2026-09-11T05:39:37Z,Goldman Sachs,Quantitative Strategist Associate Intern - The Core Quantitative Strats,active -> inactive,Applications closed
2026-09-11T05:39:37Z,Goldman Sachs,Quantitative Strategist Intern - Investment Banking,active -> inactive,Applications closed
2026-09-11T05:39:37Z,Goldman Sachs,Summer Analyst Intern - Americas - AWM Product Management,active -> inactive,Applications closed
2026-09-11T05:39:37Z,Goldman Sachs,Summer Analyst Intern - Engineering,active -> inactive,Applications closed
2026-09-11T05:39:37Z,InfiniteQuant,Quantitative Developer Internship - Summer 2027,active -> inactive,Applications closed
2026-09-11T05:39:37Z,ONE Finance,Software Engineer Intern,active -> inactive,Applications closed
2026-09-11T05:39:37Z,Royal Bank of Canada,Financial Crimes Quality Assurance Intern - Grm,active -> inactive,Applications closed
2026-09-11T05:39:37Z,Syngenta Group,Data Entry Intern - Product Safety,active -> inactive,Applications closed
2026-09-11T05:39:37Z,TikTok,Data Analyst and Business Projects Intern,active -> inactive,Applications closed
2026-09-11T05:39:37Z,United Airlines,Onboard Experience Intern - Summer 2027,active -> inactive,Applications closed
2026-09-11T05:39:37Z,Wipfli,Product Development Intern,active -> inactive,Applications closed
2026-09-11T05:39:37Z,MKS Instruments,Business Intelligence/Data Analytics Intern,inactive -> active,Reopened
2026-09-11T05:39:37Z,Mastercard,Software Engineer Intern,inactive -> active,Reopened
2026-09-11T05:39:37Z,PSP Investments,AI Solutions Intern - External Manager Selection & Monitoring,inactive -> active,Reopened
2026-09-12T05:26:51Z,Akuna Capital University,Hardware Engineer Intern,active -> inactive,Applications closed
2026-09-12T05:26:51Z,Akuna Capital University,Quantitative Research Intern,active -> inactive,Applications closed
2026-09-12T05:26:51Z,Akuna Capital University,Software Engineer Intern - C++,active -> inactive,Applications closed
2026-09-12T05:26:51Z,Allen Control Systems,Systems Engineering Intern,active -> inactive,Applications closed
2026-09-12T05:26:51Z,DRW,Quantitative Trading Analyst Intern,active -> inactive,Applications closed
2026-09-12T05:26:51Z,Dell Technologies,Software Engineer Intern - Client Solutions Group Engineering,active -> inactive,Applications closed
2026-09-12T05:26:51Z,GlobalFoundries,RF Technology Development Automation Engineer Intern - Summer 2027,active -> inactive,Applications closed
2026-09-12T05:26:51Z,GlobalFoundries,Silicon Photonics Advanced Packaging Intern,active -> inactive,Applications closed
2026-09-12T05:26:51Z,Hudson River Trading,Algorithm Development Intern - Quant Research,active -> inactive,Applications closed
2026-09-12T05:26:51Z,Hudson River Trading,Software Engineer Intern - C++ or Python,active -> inactive,Applications closed
2026-09-12T05:26:51Z,NVIDIA,Robotics Intern - Ph.D. Research,active -> inactive,Applications closed
2026-09-12T05:26:51Z,Nokia,Software Engineer Co-op - Deepfield,active -> inactive,Applications closed
2026-09-12T05:26:51Z,Principal Financial Group,Software Engineer Intern - Summer 2027,active -> inactive,Applications closed
2026-09-12T05:26:51Z,The Walt Disney Company,Pricing & Product Development Intern - Spring 2027,active -> inactive,Applications closed
2026-09-12T05:26:51Z,Charles Schwab,Data Engineering Intern - Data Engineering,inactive -> active,Reopened
2026-09-12T05:26:51Z,Charles Schwab,Software Engineering Intern - Technology,inactive -> active,Reopened
2026-09-12T05:26:51Z,Goldman Sachs,Quantitative Strategist Associate Intern - The Core Quantitative Strats,inactive -> active,Reopened
2026-09-12T05:26:51Z,Goldman Sachs,Quantitative Strategist Intern - Investment Banking,inactive -> active,Reopened
2026-09-12T05:26:51Z,Goldman Sachs,Summer Analyst Intern - Americas - AWM Product Management,inactive -> active,Reopened
2026-09-12T05:26:51Z,Goldman Sachs,Summer Analyst Intern - Engineering,inactive -> active,Reopened
2026-09-12T05:26:51Z,United Airlines,Onboard Experience Intern - Summer 2027,inactive -> active,Reopened
2026-09-13T05:43:03Z,Charles Schwab,Product Management Intern - Thinkorswim,active -> inactive,Applications closed
2026-09-13T05:43:03Z,Five Rings Capital,Quantitative Researcher Intern,active -> inactive,Applications closed
2026-09-13T05:43:03Z,Five Rings Capital,Software Developer Intern - Software Developer,active -> inactive,Applications closed
2026-09-13T05:43:03Z,Goldman Sachs,Quantitative Strategist Associate Intern - The Core Quantitative Strats,active -> inactive,Applications closed
2026-09-13T05:43:03Z,Goldman Sachs,Quantitative Strategist Intern - Investment Banking,active -> inactive,Applications closed
2026-09-13T05:43:03Z,Goldman Sachs,Summer Analyst Intern - Americas - AWM Product Management,active -> inactive,Applications closed
2026-09-13T05:43:03Z,Goldman Sachs,Summer Analyst Intern - Engineering,active -> inactive,Applications closed
2026-09-13T05:43:03Z,Mastercard,Software Engineer Intern,active -> inactive,Applications closed
2026-09-13T05:43:03Z,Northrop Grumman,Software Engineer Intern,active -> inactive,Applications closed
2026-09-13T05:43:03Z,RTX,Artificial Intelligence / Machine Learning Methods Intern,active -> inactive,Applications closed
2026-09-13T05:43:03Z,RTX,Mechanical Product Line Management Co-op - Spring/Summer 2027,active -> inactive,Applications closed
2026-09-13T05:43:03Z,Stryten,System Engineer Intern,active -> inactive,Applications closed
2026-09-13T05:43:03Z,Tradeweb,Credit Software Engineer Intern,active -> inactive,Applications closed
2026-09-13T05:43:03Z,Verizon Communications,AI/ML Engineering Intern - Consumer Group,active -> inactive,Applications closed
2026-09-13T05:43:03Z,Voloridge,Quantitative Research Intern,active -> inactive,Applications closed
2026-09-13T05:43:03Z,Walmart,Data Scientist 3 Intern - 2026 Intern Conversion: 2027 FT,active -> inactive,Applications closed
2026-09-14T05:52:48Z,Circleback,Software Engineer Intern,active -> inactive,Applications closed
2026-09-14T05:52:48Z,Cybernetic Labs,Full-Stack Software Engineer Intern - Product,active -> inactive,Applications closed
2026-09-14T05:52:48Z,Ecolab,Research and Development Intern,active -> inactive,Applications closed
2026-09-14T05:52:48Z,MKS Instruments,Business Intelligence/Data Analytics Intern,active -> inactive,Applications closed
2026-09-14T05:52:48Z,Northrop Grumman,Data Analytics Intern,active -> inactive,Applications closed
2026-09-14T05:52:48Z,Old Mission,Software Engineer Intern,active -> inactive,Applications closed
2026-09-14T05:52:48Z,Susquehanna International Group,Quantitative Trading Internship,active -> inactive,Applications closed
2026-09-14T05:52:48Z,TD Bank,Software Engineer Intern - Software Engineering Rotational Program,active -> inactive,Applications closed
2026-09-14T05:52:48Z,Goldman Sachs,Quantitative Strategist Associate Intern - The Core Quantitative Strats,inactive -> active,Reopened
2026-09-14T05:52:48Z,Goldman Sachs,Quantitative Strategist Intern - Investment Banking,inactive -> active,Reopened
2026-09-14T05:52:48Z,Goldman Sachs,Summer Analyst Intern - Americas - AWM Product Management,inactive -> active,Reopened
2026-09-14T05:52:48Z,Goldman Sachs,Summer Analyst Intern - Engineering,inactive -> active,Reopened
2026-09-14T05:52:48Z,Mastercard,Data Scientist Intern,inactive -> active,Reopened
2026-09-15T05:55:01Z,Charles Schwab,Data Engineering Intern - Data Engineering,active -> inactive,Applications closed
2026-09-15T05:55:01Z,Charles Schwab,Software Engineering Intern - Technology,active -> inactive,Applications closed
2026-09-15T05:55:01Z,Cybernetic Labs,Software Engineer Intern - Agent Platform,active -> inactive,Applications closed
2026-09-15T05:55:01Z,Databricks,Product Management Intern,active -> inactive,Applications closed
2026-09-15T05:55:01Z,Fannie Mae,Treasury & Capital Markets Intern - Quantitative Research Track,active -> inactive,Applications closed
2026-09-15T05:55:01Z,Goldman Sachs,Quantitative Strategist Associate Intern - The Core Quantitative Strats,active -> inactive,Applications closed
2026-09-15T05:55:01Z,Goldman Sachs,Quantitative Strategist Intern - Investment Banking,active -> inactive,Applications closed
2026-09-15T05:55:01Z,Goldman Sachs,Summer Analyst Intern - Americas - AWM Product Management,active -> inactive,Applications closed
2026-09-15T05:55:01Z,Goldman Sachs,Summer Analyst Intern - Engineering,active -> inactive,Applications closed
2026-09-15T05:55:01Z,ICF International,Software Developer Intern,active -> inactive,Applications closed
2026-09-15T05:55:01Z,Johnson & Johnson,Quality Data Science Co-op - MD Q&C Digital Solutions,active -> inactive,Applications closed
2026-09-15T05:55:01Z,Leidos,Data Engineering & Analytics Intern,active -> inactive,Applications closed
2026-09-15T05:55:01Z,Optiver,Trading Automation and Operations Intern,active -> inactive,Applications closed
2026-09-15T05:55:01Z,PricewaterhouseCoopers,Data Enablement Co-op - CPA,active -> inactive,Applications closed
2026-09-15T05:55:01Z,RTX,Software Engineering Intern,active -> inactive,Applications closed
2026-09-15T05:55:01Z,Intuit,Software Engineer Intern - Full Stack,inactive -> active,Reopened
2026-09-15T05:55:01Z,Merchants Bank of Indiana,Business Technology Intern - Application Development,inactive -> active,Reopened
2026-09-15T05:55:01Z,Principal Financial Group,Software Engineer Intern - Summer 2027,inactive -> active,Reopened
2026-09-16T05:40:49Z,Dell Technologies,Software Engineering Intern,active -> inactive,Applications closed
2026-09-16T05:40:49Z,Enact Mortgage Insurance,Software Engineer Intern,active -> inactive,Applications closed
2026-09-16T05:40:49Z,Genworth Financial,Data Science Intern,active -> inactive,Applications closed
2026-09-16T05:40:49Z,Genworth Financial,Software Engineer Intern,active -> inactive,Applications closed
2026-09-16T05:40:49Z,LSEG,Engineering Intern - Multiple Teams,active -> inactive,Applications closed
2026-09-16T05:40:49Z,Oshkosh,Advanced Analytics Intern,active -> inactive,Applications closed
2026-09-16T05:40:49Z,RTX,Electrical Engineer Intern - RDP,active -> inactive,Applications closed
2026-09-16T05:40:49Z,RTX,Electrical Engineer Intern - Summer 2027,active -> inactive,Applications closed
2026-09-16T05:40:49Z,RTX,Software Engineer Co-op,active -> inactive,Applications closed
2026-09-16T05:40:49Z,RTX,Software Engineer Intern - Summer 2027,active -> inactive,Applications closed
2026-09-16T05:40:49Z,Royal Bank of Canada,Global Markets Quantitative Trading Summer Analyst - Capital Markets,active -> inactive,Applications closed
2026-09-16T05:40:49Z,Goldman Sachs,Quantitative Strategist Associate Intern - The Core Quantitative Strats,inactive -> active,Reopened
2026-09-16T05:40:49Z,Goldman Sachs,Quantitative Strategist Intern - Investment Banking,inactive -> active,Reopened
2026-09-16T05:40:49Z,Goldman Sachs,Summer Analyst Intern - Engineering,inactive -> active,Reopened
2026-09-16T05:40:49Z,Mastercard,Software Engineer Intern,inactive -> active,Reopened
2026-09-17T05:50:12Z,Deloitte,Data & AI Solutions Engineering Summer Scholar Intern,active -> inactive,Applications closed
2026-09-17T05:50:12Z,Engenious Design,Electrical Engineering Intern,active -> inactive,Applications closed
2026-09-17T05:50:12Z,Geotab,Hardware Developer Intern,active -> inactive,Applications closed
2026-09-17T05:50:12Z,GlobalFoundries,Systems Engineer Intern,active -> inactive,Applications closed
2026-09-17T05:50:12Z,Goldman Sachs,Quantitative Strategist Associate Intern - The Core Quantitative Strats,active -> inactive,Applications closed
2026-09-17T05:50:12Z,Gulfstream,Flight Sciences / Mass Properties College Intern - IEF,active -> inactive,Applications closed
2026-09-17T05:50:12Z,Gulfstream,Software Engineer Intern - IEF,active -> inactive,Applications closed
2026-09-17T05:50:12Z,Leidos,Artificial Intelligence/Machine Learning Intern,active -> inactive,Applications closed
2026-09-17T05:50:12Z,Leidos,Computer Engineering Co-op,active -> inactive,Applications closed
2026-09-17T05:50:12Z,Navy Federal,Credit Risk Analyst Intern,active -> inactive,Applications closed
2026-09-17T05:50:12Z,OpenGov,Software Engineer Intern,active -> inactive,Applications closed
2026-09-17T05:50:12Z,RTX,Software Engineering Intern,active -> inactive,Applications closed
2026-09-17T05:50:12Z,Schroders,Product Intern,active -> inactive,Applications closed
2026-09-17T05:50:12Z,Schroders,Product Strategy Intern,active -> inactive,Applications closed
2026-09-17T05:50:12Z,Schroders,Public Markets Quants Intern - Quants (Public Markets),active -> inactive,Applications closed
2026-09-17T05:50:12Z,United Airlines,Onboard Experience Intern - Summer 2027,active -> inactive,Applications closed
2026-09-17T05:50:12Z,United Airlines,Pricing & Revenue Management Intern,active -> inactive,Applications closed
2026-09-17T05:50:12Z,United Airlines,Tech Ops Analytics & Business Intelligence Intern - Summer 2027,active -> inactive,Applications closed
2026-09-17T05:50:12Z,Deloitte,AI Innovation Summer Scholar Intern - AI Innovation,inactive -> active,Reopened
2026-09-17T05:50:12Z,Marsh,Government Health Consulting Informatics Intern - College Program,inactive -> active,Reopened
2026-09-17T05:50:12Z,Marvell,Architecture Intern - MS,inactive -> active,Reopened
2026-09-17T05:50:12Z,Quantbot Technologies,Quantitative Developer Intern,inactive -> active,Reopened
2026-09-17T05:50:12Z,T. Rowe Price,Technology and Data Intern,inactive -> active,Reopened
2026-09-17T05:50:12Z,United Airlines,Operations Data & Analytics Intern - Summer 2027,inactive -> active,Reopened
2026-09-18T05:35:38Z,Boston Scientific,Software Engineer Intern - Interns/Graduates,active -> inactive,Applications closed
2026-09-18T05:35:38Z,Capital One,Data Science Intern,active -> inactive,Applications closed
2026-09-18T05:35:38Z,Compeer Financial,Data Analytics Intern,active -> inactive,Applications closed
2026-09-18T05:35:38Z,Finastra,AI Engineer Intern - Summer 2027,active -> inactive,Applications closed
2026-09-18T05:35:38Z,GE Healthcare,Engineering Development Program Intern - Hardware,active -> inactive,Applications closed
2026-09-18T05:35:38Z,GE Healthcare,Engineering Development Program Intern - Software,active -> inactive,Applications closed
2026-09-18T05:35:38Z,ISN Software,Product Strategy Intern,active -> inactive,Applications closed
2026-09-18T05:35:38Z,RTX,Electrical Engineer Intern,active -> inactive,Applications closed
2026-09-18T05:35:38Z,T. Rowe Price,Global Trading Intern,active -> inactive,Applications closed
2026-09-18T05:35:38Z,Tradeweb,Data Platform Intern,active -> inactive,Applications closed
2026-09-18T05:35:38Z,Vanguard,Technical Product Manager Intern,active -> inactive,Applications closed
2026-09-19T05:31:26Z,AArete,Business Analytics Intern - Summer 2027,active -> inactive,Applications closed
2026-09-19T05:31:26Z,Castleton Commodities International,Commodities Trading Analyst Intern,active -> inactive,Applications closed
2026-09-19T05:31:26Z,Chicago Trading Company,Software Engineering Intern,active -> inactive,Applications closed
2026-09-19T05:31:26Z,Enact Mortgage Insurance,Commercial Analytics and Optimization Team Intern,active -> inactive,Applications closed
2026-09-19T05:31:26Z,FTI Consulting,Technology Intern - Technology,active -> inactive,Applications closed
2026-09-19T05:31:26Z,Highgate,Revenue Management Intern - Summer 2027,active -> inactive,Applications closed
2026-09-19T05:31:26Z,NVIDIA,Research Intern,active -> inactive,Applications closed
2026-09-19T05:31:26Z,Northrop Grumman,Cyber Software Engineer Intern,active -> inactive,Applications closed
2026-09-19T05:31:26Z,Oshkosh,Software Engineer Intern,active -> inactive,Applications closed
2026-09-19T05:31:26Z,PricewaterhouseCoopers,Tax Innovation Delivery Experience Intern - Product Management,active -> inactive,Applications closed
2026-09-19T05:31:26Z,TJX,IT Engineer Intern,active -> inactive,Applications closed
2026-09-19T05:31:26Z,Wells Fargo,Quantitative Analytics Intern - Applied Computational Intelligence,active -> inactive,Applications closed
2026-09-19T05:31:26Z,Charles Schwab,Data Engineering Intern - Data Engineering,inactive -> active,Reopened
2026-09-19T05:31:26Z,Charles Schwab,Software Engineering Intern - Technology,inactive -> active,Reopened
2026-09-19T05:31:26Z,GE Vernova,Engineering Intern,inactive -> active,Reopened
2026-09-19T05:31:26Z,Goldman Sachs,Quantitative Strategist Associate Intern - The Core Quantitative Strats,inactive -> active,Reopened
2026-09-19T05:31:26Z,Netsmart,Software Engineer Intern,inactive -> active,Reopened
2026-09-19T05:31:26Z,Oshkosh,Advanced Analytics Intern,inactive -> active,Reopened
2026-09-19T05:31:26Z,Schroders,Public Markets Quants Intern - Quants (Public Markets),inactive -> active,Reopened
2026-09-20T05:47:56Z,AQR Capital Management,Trading Analyst Intern,active -> inactive,Applications closed
2026-09-20T05:47:56Z,Alliance Laundry Systems,Data & Analytics Intern,active -> inactive,Applications closed
2026-09-20T05:47:56Z,Boston Scientific,Data Science Co-op,active -> inactive,Applications closed
2026-09-20T05:47:56Z,Deloitte,AI Innovation Summer Scholar Intern - AI Innovation,active -> inactive,Applications closed
2026-09-20T05:47:56Z,Goldman Sachs,Quantitative Strategist Associate Intern - The Core Quantitative Strats,active -> inactive,Applications closed
2026-09-20T05:47:56Z,Marvell,Reliability Intern,active -> inactive,Applications closed
2026-09-20T05:47:56Z,Marvell,Test Solutions Engineering Intern - BS - Post-Silicon Hardware Validation,active -> inactive,Applications closed
2026-09-20T05:47:56Z,Mastercard,Software Engineer Intern,active -> inactive,Applications closed
2026-09-20T05:47:56Z,Optiver,FPGA Engineer Intern,active -> inactive,Applications closed
2026-09-20T05:47:56Z,RTX,Software Engineer Co-op - Summer/Fall 2027,active -> inactive,Applications closed
2026-09-20T05:47:56Z,State Farm,Technology Product Analyst Intern - Innovation Group,active -> inactive,Applications closed
2026-09-20T05:47:56Z,United Airlines,Operations Data & Analytics Intern - Summer 2027,active -> inactive,Applications closed
2026-09-20T05:47:56Z,Verizon Communications,Marketing Technology Intern - Consumer Group,active -> inactive,Applications closed
2026-09-20T05:47:56Z,Virtu Financial,Quantitative Trading Intern,active -> inactive,Applications closed
2026-09-20T05:47:56Z,Virtu Financial,Software Engineer Intern - Software Engineer,active -> inactive,Applications closed
2026-09-20T05:47:56Z,Wells Fargo,Software Engineering Intern - Early Careers - Software Engineering,active -> inactive,Applications closed
2026-09-20T05:47:56Z,Deloitte,Data & AI Solutions Engineering Summer Scholar Intern,inactive -> active,Reopened
2026-09-21T05:57:02Z,G-Research,Data Science Intern,active -> inactive,Applications closed
2026-09-21T05:57:02Z,G-Research,Quantitative Research Internship,active -> inactive,Applications closed
2026-09-21T05:57:02Z,NVIDIA,PhD Research Intern - Generative AI for Physical AI,active -> inactive,Applications closed
2026-09-21T05:57:02Z,NVIDIA,Physical Design and Timing Engineer Intern,active -> inactive,Applications closed
2026-09-21T05:57:02Z,NVIDIA,Product Management MBA Intern - Data Center GPU,active -> inactive,Applications closed
2026-09-21T05:57:02Z,Royal Bank of Canada,Data Enablement Co-op - CFO - 8 Months,active -> inactive,Applications closed
2026-09-21T05:57:02Z,T. Rowe Price,Technology and Data Intern,active -> inactive,Applications closed
2026-09-21T05:57:02Z,Virtu Financial,Quantitative Researcher Internship,active -> inactive,Applications closed
2026-09-21T05:57:02Z,Wells Fargo,Quantitative Analytics Intern - Risk Analytics and Decision Sciences,active -> inactive,Applications closed
2026-09-21T05:57:02Z,Goldman Sachs,Quantitative Strategist Associate Intern - The Core Quantitative Strats,inactive -> active,Reopened
2026-09-21T05:57:02Z,Goldman Sachs,Summer Analyst Intern - Engineering,inactive -> active,Reopened
2026-09-22T05:54:13Z,Allegheny County,Business Analytics Intern,active -> inactive,Applications closed
2026-09-22T05:54:13Z,Anthelion Capital,Quant Developer / Quant Research Intern,active -> inactive,Applications closed
2026-09-22T05:54:13Z,Apex,Ground Software Intern - Spring or Summer 2027,active -> inactive,Applications closed
2026-09-22T05:54:13Z,Appian,Product Manager Intern,active -> inactive,Applications closed
2026-09-22T05:54:13Z,Appian,Software Engineer Intern,active -> inactive,Applications closed
2026-09-22T05:54:13Z,Athene,Software Developer Intern,active -> inactive,Applications closed
2026-09-22T05:54:13Z,Awardco,Front-End Software Engineer Intern,active -> inactive,Applications closed
2026-09-22T05:54:13Z,Barr,Data Science Intern,active -> inactive,Applications closed
2026-09-22T05:54:13Z,Charles Schwab,Data Engineering Intern - Data Engineering,active -> inactive,Applications closed
2026-09-22T05:54:13Z,Charles Schwab,Software Engineering Intern - Technology,active -> inactive,Applications closed
2026-09-22T05:54:13Z,Commure,Software Engineer Intern - Summer 2027,active -> inactive,Applications closed
2026-09-22T05:54:13Z,DatologyAI,Research Intern,active -> inactive,Applications closed
2026-09-22T05:54:13Z,Gordon Food Service,Category Technology Intern,active -> inactive,Applications closed
2026-09-22T05:54:13Z,Howmet Aerospace,Artificial Intelligence Intern - AI,active -> inactive,Applications closed
2026-09-22T05:54:13Z,Keysight Technologies,Full Stack Intern,active -> inactive,Applications closed
2026-09-22T05:54:13Z,MetOx International,Data Science Intern - Spring 2027,active -> inactive,Applications closed
2026-09-22T05:54:13Z,Ontario Teachers' Pension Plan,Risk Intern - Models and Asset Liability,active -> inactive,Applications closed
2026-09-22T05:54:13Z,Ontario Teachers' Pension Plan,Total Fund Risk Intern - Months,active -> inactive,Applications closed
2026-09-22T05:54:13Z,Optiver,Institutional Trader Intern,active -> inactive,Applications closed
2026-09-22T05:54:13Z,PricewaterhouseCoopers,Tax Innovation Delivery Experience Intern - Multiple Teams,active -> inactive,Applications closed
2026-09-22T05:54:13Z,RTX,Software Engineer Co-op - Spring/Summer 2027,active -> inactive,Applications closed
2026-09-22T05:54:13Z,Robert Bosch Venture Capital,AI Engineering Intern,active -> inactive,Applications closed
2026-09-22T05:54:13Z,Rystad Energy,Analyst Intern - Summer 2027,active -> inactive,Applications closed
2026-09-22T05:54:13Z,Target,Software Engineer Intern,active -> inactive,Applications closed
2026-09-22T05:54:13Z,Wells Fargo,Quantitative Analytics Intern - Capital Markets - Masters,active -> inactive,Applications closed
2026-09-22T05:54:13Z,Wells Fargo,Quantitative Analytics Intern - Multiple Teams,active -> inactive,Applications closed
2026-09-22T05:54:13Z,Alliance Laundry Systems,Data & Analytics Intern,inactive -> active,Reopened
2026-09-22T05:54:13Z,AnaVation,Computer Science Intern - Summer Program,inactive -> active,Reopened
2026-09-22T05:54:13Z,ICF International,Software Developer Intern,inactive -> active,Reopened
2026-09-22T05:54:13Z,Mastercard,Software Engineer Intern,inactive -> active,Reopened
2026-09-22T05:54:13Z,ONE Finance,Software Engineer Intern,inactive -> active,Reopened
2026-09-22T05:54:13Z,OpenGov,Product Intern,inactive -> active,Reopened
2026-09-22T05:54:13Z,Philips,Software Engineer Intern,inactive -> active,Reopened
2026-09-23T05:34:03Z,AtkinsRéalis,Data Scientist Intern - Summer 2027,active -> inactive,Applications closed
2026-09-23T05:34:03Z,Bank of Montreal,Quantitative Developer Co-op Intern - Alpha Research Team - Multiple Teams,active -> inactive,Applications closed
2026-09-23T05:34:03Z,CAI,Data Engineer Intern,active -> inactive,Applications closed
2026-09-23T05:34:03Z,Clarios,Category Analyst Intern,active -> inactive,Applications closed
2026-09-23T05:34:03Z,Entergy,AI Agent Development Intern,active -> inactive,Applications closed
2026-09-23T05:34:03Z,General Dynamics UK,Computer Science and Robotics Co-op - Information Technology,active -> inactive,Applications closed
2026-09-23T05:34:03Z,Lunar Outpost,Electrical Engineer Intern,active -> inactive,Applications closed
2026-09-23T05:34:03Z,NVIDIA,Architecture Research Intern - Architecture - 2027,active -> inactive,Applications closed
2026-09-23T05:34:03Z,NVIDIA,PhD Research Intern - Circuits,active -> inactive,Applications closed
2026-09-23T05:34:03Z,NVIDIA,PhD Research Intern - Generalist Embodied Agents Research,active -> inactive,Applications closed
2026-09-23T05:34:03Z,PDT Partners,Software Engineer Intern,active -> inactive,Applications closed
2026-09-23T05:34:03Z,Quadrillion,Software Engineering Intern,active -> inactive,Applications closed
2026-09-23T05:34:03Z,RSM,Tax Digital Services Intern - AI Engineering,active -> inactive,Applications closed
2026-09-23T05:34:03Z,Royal Bank of Canada,Wealth Management Technology Intern,active -> inactive,Applications closed
2026-09-23T05:34:03Z,Schroders,Public Markets Quants Intern - Quants (Public Markets),active -> inactive,Applications closed
2026-09-23T05:34:03Z,Trillium,Equity Trader Intern,active -> inactive,Applications closed
2026-09-23T05:34:03Z,NVIDIA,Physical Design and Timing Engineer Intern,inactive -> active,Reopened
2026-09-24T05:54:23Z,Apex,Software Engineer Intern - Embedded Systems,active -> inactive,Applications closed
2026-09-24T05:54:23Z,Athene,Operations Reporting & Analytics Intern,active -> inactive,Applications closed
2026-09-24T05:54:23Z,Boston Scientific,Data Science Engineer Intern,active -> inactive,Applications closed
2026-09-24T05:54:23Z,Lexington Medical,Electrical/Embedded Software Engineer Intern,active -> inactive,Applications closed
2026-09-24T05:54:23Z,Mastercard,Data Engineer Intern,active -> inactive,Applications closed
2026-09-24T05:54:23Z,Mastercard,Software Engineer Intern,active -> inactive,Applications closed
2026-09-24T05:54:23Z,Nucor,Commodity Markets Analyst Intern,active -> inactive,Applications closed
2026-09-24T05:54:23Z,Oshkosh,Motorsports Intern - Summer 2027,active -> inactive,Applications closed
2026-09-24T05:54:23Z,Ovintiv,Technology Intern - Data & Digital,active -> inactive,Applications closed
2026-09-24T05:54:23Z,Plastipak,Software Engineer Intern,active -> inactive,Applications closed
2026-09-24T05:54:23Z,Procter & Gamble,Research and Development PhD Intern - Life Cycle Assessment - Data Science,active -> inactive,Applications closed
2026-09-24T05:54:23Z,RTX,Digital Hardware Design Engineer Co-op - Summer/Fall 2027,active -> inactive,Applications closed
2026-09-24T05:54:23Z,RTX,Software Engineering Intern,active -> inactive,Applications closed
2026-09-24T05:54:23Z,The Hartford,Software Engineer Intern - Technology & Data,active -> inactive,Applications closed
2026-09-24T05:54:23Z,Tower Research Capital,Software Engineer Intern - Summer 2027,active -> inactive,Applications closed
2026-09-24T05:54:23Z,Wex,Software Engineer Intern - AI & Cloud,active -> inactive,Applications closed
2026-09-24T05:54:23Z,AtkinsRéalis,Data Scientist Intern - Summer 2027,inactive -> active,Reopened
2026-09-24T05:54:23Z,Axon,Software Engineer Intern,inactive -> active,Reopened
2026-09-24T05:54:23Z,NVIDIA,PhD Research Intern - Generative AI for Physical AI,inactive -> active,Reopened
2026-09-24T05:54:23Z,Tyler Technologies,Software Development Intern - Summer 2027,inactive -> active,Reopened
2026-09-25T05:54:47Z,Atlassian,Data Scientist Intern - Multiple Teams,active -> inactive,Applications closed
2026-09-25T05:54:47Z,Axon,2027 US Electrical Engineering Internship,active -> inactive,Applications closed
2026-09-25T05:54:47Z,Axon,Embedded Engineer Intern,active -> inactive,Applications closed
2026-09-25T05:54:47Z,Axon,Software Engineer Intern,active -> inactive,Applications closed
2026-09-25T05:54:47Z,Booz Allen,Software Developer Intern - University,active -> inactive,Applications closed
2026-09-25T05:54:47Z,CAI,Software Developer Intern,active -> inactive,Applications closed
2026-09-25T05:54:47Z,Cox,AI/Automation Intern,active -> inactive,Applications closed
2026-09-25T05:54:47Z,Deloitte,AI and Data Engineering Summer Scholar Intern - Government & Public Services,active -> inactive,Applications closed
2026-09-25T05:54:47Z,Hitachi,Onboard Software Developer Intern,active -> inactive,Applications closed
2026-09-25T05:54:47Z,JP Morgan Chase,Machine Learning Engineer Summer Associate Intern - Asset and Wealth Management,active -> inactive,Applications closed
2026-09-25T05:54:47Z,Leidos,Software Developer Intern - Cyber & Analytics Business Area,active -> inactive,Applications closed
2026-09-25T05:54:47Z,Live Oak Bank,Architecture/Engineering Intern,active -> inactive,Applications closed
2026-09-25T05:54:47Z,Merchants Bank of Indiana,Business Technology Intern - Application Development,active -> inactive,Applications closed
2026-09-25T05:54:47Z,Regions Bank,"Technology, Operations, Digital, and Data Analytics Intern",active -> inactive,Applications closed
2026-09-25T05:54:47Z,The Hartford,"Software Engineer Intern - Technology, Data, AI, and Operations",active -> inactive,Applications closed
2026-09-25T05:54:47Z,Verizon Communications,AI Science Intern - Multiple Teams,active -> inactive,Applications closed
2026-09-25T05:54:47Z,Visier Solutions,Test Developer Co-op,active -> inactive,Applications closed
2026-09-25T05:54:47Z,Howmet Aerospace,Artificial Intelligence Intern - AI,inactive -> active,Reopened
2026-09-25T05:54:47Z,The Hartford,"Data Engineer Intern - Technology, Data, AI, and Operations",inactive -> active,Reopened
2026-09-26T05:55:23Z,Blue Cross and Blue Shield of Kansas,RPA Engineer Intern,active -> inactive,Applications closed
2026-09-26T05:55:23Z,Boston Scientific,Data Engineer Intern,active -> inactive,Applications closed
2026-09-26T05:55:23Z,CACI,Software Developer/Data Scientist Intern - Summer 2027,active -> inactive,Applications closed
2026-09-26T05:55:23Z,Genesis Molecular AI,Machine Learning Research Intern - PhD,active -> inactive,Applications closed
2026-09-26T05:55:23Z,Genesis Molecular AI,Software Engineer Intern,active -> inactive,Applications closed
2026-09-26T05:55:23Z,Goldman Sachs,Quantitative Strategist Associate Intern - The Core Quantitative Strats,active -> inactive,Applications closed
2026-09-26T05:55:23Z,HMH,Software Engineer Intern,active -> inactive,Applications closed
2026-09-26T05:55:23Z,ICF International,Software Developer Intern,active -> inactive,Applications closed
2026-09-26T05:55:23Z,Lazard,AI Engineer Intern,active -> inactive,Applications closed
2026-09-26T05:55:23Z,Lazard,Software Engineer Intern - AI & Data Team,active -> inactive,Applications closed
2026-09-26T05:55:23Z,Northrop Grumman,Embedded Software Engineer Intern,active -> inactive,Applications closed
2026-09-26T05:55:23Z,Northrop Grumman,Software Engineer Intern - Navigation Intelligence and Connectivity Division,active -> inactive,Applications closed
2026-09-26T05:55:23Z,Persona,Software Engineer Intern,active -> inactive,Applications closed
2026-09-26T05:55:23Z,Philips,Software Engineer Intern,active -> inactive,Applications closed
2026-09-26T05:55:23Z,PricewaterhouseCoopers,Product Management Intern - Commercial Tech & Innovation,active -> inactive,Applications closed
2026-09-26T05:55:23Z,RSM,Application Development Intern - Summer 2027,active -> inactive,Applications closed
2026-09-26T05:55:23Z,RTX,Electrical Engineer Co-op - Summer/Fall,active -> inactive,Applications closed
2026-09-26T05:55:23Z,Regions Bank,Technology Intern - Multiple Teams,active -> inactive,Applications closed
2026-09-26T05:55:23Z,Renesas Electronics,Validation Intern,active -> inactive,Applications closed
2026-09-26T05:55:23Z,Smith+Nephew,Data Science Intern - AI Center of Excellence,active -> inactive,Applications closed
2026-09-26T05:55:23Z,Smith+Nephew,Robotics Software Engineer Intern,active -> inactive,Applications closed
2026-09-26T05:55:23Z,USAA,AI/ML Engineer Intern,active -> inactive,Applications closed
2026-09-26T05:55:23Z,USAA,Visualization Engineer Intern,active -> inactive,Applications closed
2026-09-26T05:55:23Z,Visa,Associate Product Manager Intern - APM,active -> inactive,Applications closed
2026-09-26T05:55:23Z,Visa,Software Engineer Intern,active -> inactive,Applications closed
2026-09-26T05:55:23Z,Brunswick,Reinforcement Learning Intern - Boating Intelligence Design Lab,inactive -> active,Reopened
2026-09-26T05:55:23Z,Charles Schwab,Data Engineering Intern - Data Engineering,inactive -> active,Reopened
2026-09-26T05:55:23Z,Charles Schwab,Software Engineering Intern - Technology,inactive -> active,Reopened
2026-09-27T06:20:34Z,AArete,Data Architecture & Engineering Intern,active -> inactive,Applications closed
2026-09-27T06:20:34Z,Alliance Laundry Systems,Data & Analytics Intern,active -> inactive,Applications closed
2026-09-27T06:20:34Z,Barclays,Technology Analyst Apprentice - AI and Data Science,active -> inactive,Applications closed
2026-09-27T06:20:34Z,Barclays,Technology Analyst Intern,active -> inactive,Applications closed
2026-09-27T06:20:34Z,Barrios,Data and Computer Engineering/Computer Science Intern,active -> inactive,Applications closed
2026-09-27T06:20:34Z,CesiumAstro,Electrical Engineer Intern - FPGA,active -> inactive,Applications closed
2026-09-27T06:20:34Z,Citadel,Sector Data Scientist Intern,active -> inactive,Applications closed
2026-09-27T06:20:34Z,Epic Games,Machine Learning Intern - Special Projects - Epic Research Group,active -> inactive,Applications closed
2026-09-27T06:20:34Z,First Citizens BancShares,IT Intern - Software Developer,active -> inactive,Applications closed
2026-09-27T06:20:34Z,GE Aerospace,Applied AI Intern,active -> inactive,Applications closed
2026-09-27T06:20:34Z,General Motors,Motorsports Strategy Intern - Sportscar Motorsports Strategy,active -> inactive,Applications closed
2026-09-27T06:20:34Z,Howmet Aerospace,Artificial Intelligence Intern - AI,active -> inactive,Applications closed
2026-09-27T06:20:34Z,JP Morgan Chase,Software Engineer Intern - Immersion Program,active -> inactive,Applications closed
2026-09-27T06:20:34Z,NVIDIA,Networking Research Intern - Networking,active -> inactive,Applications closed
2026-09-27T06:20:34Z,NVIDIA,PhD Research Intern,active -> inactive,Applications closed
2026-09-27T06:20:34Z,NVIDIA,Quantum and Chemistry Research Intern - Quantum and AI for Chemistry,active -> inactive,Applications closed
2026-09-27T06:20:34Z,Northrop Grumman,Software Engineer Intern,active -> inactive,Applications closed
2026-09-27T06:20:34Z,PricewaterhouseCoopers,Diligence Analytics Intern - Deals,active -> inactive,Applications closed
2026-09-27T06:20:34Z,Procter & Gamble,Digital Technologies Intern/Co-op,active -> inactive,Applications closed
2026-09-27T06:20:34Z,SECURE,Measurement Intern - Measurement & Quality,active -> inactive,Applications closed
2026-09-27T06:20:34Z,SECURE,Software Developer Intern,active -> inactive,Applications closed
2026-09-27T06:20:34Z,TD Bank,Summer Analyst - Software Engineering Rotational Program,active -> inactive,Applications closed
2026-09-27T06:20:34Z,Walmart,Software Engineer 2 Intern,active -> inactive,Applications closed
2026-09-27T06:20:34Z,Goldman Sachs,Quantitative Strategist Associate Intern - The Core Quantitative Strats,inactive -> active,Reopened
2026-09-28T06:22:11Z,Bank of Montreal,MFE Associate - Global Markets,active -> inactive,Applications closed
2026-09-28T06:22:11Z,Barr,GIS Specialist Intern,active -> inactive,Applications closed
2026-09-28T06:22:11Z,Blackstone,Data Engineer Summer Analyst - Blackstone Technology & Innovations,active -> inactive,Applications closed
2026-09-28T06:22:11Z,Blackstone,Software Engineer Summer Analyst - Blackstone Technology & Innovations,active -> inactive,Applications closed
2026-09-28T06:22:11Z,Boston Scientific,Software Engineer Intern - R&D,active -> inactive,Applications closed
2026-09-28T06:22:11Z,Fidelity Investments,Quantitative Research Intern - Multi-Asset Research Team,active -> inactive,Applications closed
2026-09-28T06:22:11Z,Mastercard,Product Management Intern,active -> inactive,Applications closed
2026-09-28T06:22:11Z,NVIDIA,Physical Design and Timing Engineer Intern,active -> inactive,Applications closed
2026-09-28T06:22:11Z,Walmart,Software Engineer 2 Intern,inactive -> active,Reopened
2026-09-29T06:37:36Z,Bedrock Robotics,Evaluation Engineer Intern - Metric Prototyping,active -> inactive,Applications closed
2026-09-29T06:37:36Z,Belden,R&D Cable Intern,active -> inactive,Applications closed
2026-09-29T06:37:36Z,BlueCross BlueShield of Nebraska,Healthcare Reimbursement Analytics Intern - Summer 2027,active -> inactive,Applications closed
2026-09-29T06:37:36Z,CIBC,Global Markets Analyst - Electronic Trading,active -> inactive,Applications closed
2026-09-29T06:37:36Z,CIBC,Global Markets Analyst or Associate - Months,active -> inactive,Applications closed
2026-09-29T06:37:36Z,Charles Schwab,Data Engineering Intern - Data Engineering,active -> inactive,Applications closed
2026-09-29T06:37:36Z,Charles Schwab,Software Engineering Intern - Technology,active -> inactive,Applications closed
2026-09-29T06:37:36Z,Deloitte,Data & AI Solutions Engineering Summer Scholar Intern,active -> inactive,Applications closed
2026-09-29T06:37:36Z,First Citizens BancShares,Quantitative Analysis Intern - Quantitative Analysis,active -> inactive,Applications closed
2026-09-29T06:37:36Z,Gallup,Data Science Intern - Summer 2027,active -> inactive,Applications closed
2026-09-29T06:37:36Z,General Motors,Global Customer Research Intern,active -> inactive,Applications closed
2026-09-29T06:37:36Z,Google,Software Engineer Intern - Multiple Teams,active -> inactive,Applications closed
2026-09-29T06:37:36Z,Heliux,Software Engineer Intern,active -> inactive,Applications closed
2026-09-29T06:37:36Z,Hexagon AB,Positioning Services Intern,active -> inactive,Applications closed
2026-09-29T06:37:36Z,Hudson River Trading,Data Scientist Intern,active -> inactive,Applications closed
2026-09-29T06:37:36Z,Hudson River Trading,Hardware Engineer Intern,active -> inactive,Applications closed
2026-09-29T06:37:36Z,Marsh,Government Health Consulting Informatics Intern - College Program,active -> inactive,Applications closed
2026-09-29T06:37:36Z,Marsh,Summer Analyst - Data and Analytics,active -> inactive,Applications closed
2026-09-29T06:37:36Z,NVIDIA,PhD Research Intern - Generative AI for Physical AI,active -> inactive,Applications closed
2026-09-29T06:37:36Z,NVIDIA,Research Intern - Electronic Design Automation,active -> inactive,Applications closed
2026-09-29T06:37:36Z,Persona AI,Electrical Engineer Intern,active -> inactive,Applications closed
2026-09-29T06:37:36Z,Philips,AI Engineer Intern - Enterprise AI & Workflow Automation,active -> inactive,Applications closed
2026-09-29T06:37:36Z,Planview,Software Engineer Intern,active -> inactive,Applications closed
2026-09-29T06:37:36Z,RF-SMART,Software Support Engineer Intern - Netsuite,active -> inactive,Applications closed
2026-09-29T06:37:36Z,RRS Group,Associate Software Engineer Intern - Sophomore Only,active -> inactive,Applications closed
2026-09-29T06:37:36Z,Radiance Technologies,Software Engineer Intern,active -> inactive,Applications closed
2026-09-29T06:37:36Z,Repsol,Middle Office Risk and Valuation Intern,active -> inactive,Applications closed
2026-09-29T06:37:36Z,Revantage Corporate Services,Quantitative Developer Intern,active -> inactive,Applications closed
2026-09-29T06:37:36Z,Robinhood,People Insights & Analytics Intern - Summer 2027,active -> inactive,Applications closed
2026-09-29T06:37:36Z,Robinhood,Software Engineer Intern - iOS - Summer 2027,active -> inactive,Applications closed
2026-09-29T06:37:36Z,Rothesay,Quantitative Strategist Intern,active -> inactive,Applications closed
2026-09-29T06:37:36Z,TikTok,Mobile Software Engineer Intern - Global E-Commerce,active -> inactive,Applications closed
2026-09-29T06:37:36Z,U.S. Bank,Business Analytics Intern,active -> inactive,Applications closed
2026-09-29T06:37:36Z,Walmart,Data Science Intern 3,active -> inactive,Applications closed
2026-09-29T06:37:36Z,Xcel Energy,AI Solutions Development Intern,active -> inactive,Applications closed
2026-09-29T06:37:36Z,AArete,Data Architecture & Engineering Intern,inactive -> active,Reopened
2026-09-29T06:37:36Z,Barr,GIS Specialist Intern,inactive -> active,Reopened
2026-09-29T06:37:36Z,Boston Scientific,Data Engineer Intern,inactive -> active,Reopened
2026-09-29T06:37:36Z,Boston Scientific,Data Science Co-op,inactive -> active,Reopened
2026-09-29T06:37:36Z,Fidelity Investments,Quantitative Research Intern - Multi-Asset Research Team,inactive -> active,Reopened
2026-09-30T06:20:06Z,ABB,Application Engineering Intern - Summer 2027,active -> inactive,Applications closed
2026-09-30T06:20:06Z,AMD,PhD HPC & Sovereign AI Intern/Co-op,active -> inactive,Applications closed
2026-09-30T06:20:06Z,American Family Insurance Group,Consumer Research and Insights Intern,active -> inactive,Applications closed
2026-09-30T06:20:06Z,Barclays,Quantitative Finance Associate Intern,active -> inactive,Applications closed
2026-09-30T06:20:06Z,Boston Scientific,Data Engineer Intern,active -> inactive,Applications closed
2026-09-30T06:20:06Z,Brunswick,Software Controls Engineer Intern,active -> inactive,Applications closed
2026-09-30T06:20:06Z,CACI,AI Systems Engineer Intern - Summer 2027,active -> inactive,Applications closed
2026-09-30T06:20:06Z,CACI,Software Engineer Intern - Summer 2027,active -> inactive,Applications closed
2026-09-30T06:20:06Z,CHS,Data Analyst Intern,active -> inactive,Applications closed
2026-09-30T06:20:06Z,COUNTRY Financial,Information Technology Services Intern,active -> inactive,Applications closed
2026-09-30T06:20:06Z,COUNTRY Financial,Market Analytics Intern,active -> inactive,Applications closed
2026-09-30T06:20:06Z,Cencora,Software Intern,active -> inactive,Applications closed
2026-09-30T06:20:06Z,Centene,Analytics Intern,active -> inactive,Applications closed
2026-09-30T06:20:06Z,CoBank,Software Engineer Intern,active -> inactive,Applications closed
2026-09-30T06:20:06Z,Elire,AI Data Science Consulting Intern - Knowledge Graphs & Enterprise Data,active -> inactive,Applications closed
2026-09-30T06:20:06Z,Elire,AI Software Developer Intern - Multiple Teams,active -> inactive,Applications closed
2026-09-30T06:20:06Z,Fidelity National Information Services,Data Analytics and AI Intern - FIS University Program,active -> inactive,Applications closed
2026-09-30T06:20:06Z,Fidelity National Information Services,Product Management Intern - FIS University Program,active -> inactive,Applications closed
2026-09-30T06:20:06Z,Fidelity National Information Services,Software Engineer Intern - FIS University Program,active -> inactive,Applications closed
2026-09-30T06:20:06Z,GE Vernova,Hardware Engineer Intern - Critical Infrastructure Communications,active -> inactive,Applications closed
2026-09-30T06:20:06Z,Geneva Trading,AI Engineer Intern,active -> inactive,Applications closed
2026-09-30T06:20:06Z,Goldman Sachs,Quantitative Strategist Associate Intern - The Core Quantitative Strats,active -> inactive,Applications closed
2026-09-30T06:20:06Z,Goldman Sachs,Quantitative Strategist Intern - Investment Banking,active -> inactive,Applications closed
2026-09-30T06:20:06Z,Goldman Sachs,Summer Analyst Intern - Engineering,active -> inactive,Applications closed
2026-09-30T06:20:06Z,Highgate,Revenue Management Intern,active -> inactive,Applications closed
2026-09-30T06:20:06Z,Howden,Analytics Intern,active -> inactive,Applications closed
2026-09-30T06:20:06Z,Insulet,Life Cycle Engineering Co-op - Electrical,active -> inactive,Applications closed
2026-09-30T06:20:06Z,Invesco,ETF Product Intern,active -> inactive,Applications closed
2026-09-30T06:20:06Z,Live Oak Bank,Data Engineer Intern - Multiple Teams,active -> inactive,Applications closed
2026-09-30T06:20:06Z,Live Oak Bank,Software Engineering Intern - Summer Internship Program,active -> inactive,Applications closed
2026-09-30T06:20:06Z,Lutron Electronics,Software Engineering Co-op,active -> inactive,Applications closed
2026-09-30T06:20:06Z,MFS,Consultant Relations Co-op - January - June,active -> inactive,Applications closed
2026-09-30T06:20:06Z,Manulife Financial,Reporting Analyst Intern,active -> inactive,Applications closed
2026-09-30T06:20:06Z,Marvell,Test Engineering Intern,active -> inactive,Applications closed
2026-09-30T06:20:06Z,Mastercard,Technical Product Management Intern - Switching Solutions,active -> inactive,Applications closed
2026-09-30T06:20:06Z,Maven Securities,Quant Trader Intern,active -> inactive,Applications closed
2026-09-30T06:20:06Z,Medtronic,Software Engineer Intern,active -> inactive,Applications closed
2026-09-30T06:20:06Z,Melius,Software Engineer Intern,active -> inactive,Applications closed
2026-09-30T06:20:06Z,NVIDIA,Software Engineering Intern,active -> inactive,Applications closed
2026-09-30T06:20:06Z,Nationwide,Personal Lines Sales Business Analyst Intern,active -> inactive,Applications closed
2026-09-30T06:20:06Z,Northern Trust,Technology Intern - Data Science and Analytics,active -> inactive,Applications closed
2026-09-30T06:20:06Z,Northern Trust,Technology Intern - Software Engineering,active -> inactive,Applications closed
2026-09-30T06:20:06Z,OpenGov,Software Engineer Intern,active -> inactive,Applications closed
2026-09-30T06:20:06Z,Procter & Gamble,Analytics & Insights Intern/Co-op,active -> inactive,Applications closed
2026-09-30T06:20:06Z,RSM,Business Intelligence Consulting Intern,active -> inactive,Applications closed
2026-09-30T06:20:06Z,RTX,Factory Enablement Digital Engineer Co-op,active -> inactive,Applications closed
2026-09-30T06:20:06Z,RTX,Platform System Engineering Co-op,active -> inactive,Applications closed
2026-09-30T06:20:06Z,Regions Bank,Human Resources Data and Analytics Intern,active -> inactive,Applications closed
2026-09-30T06:20:06Z,State Farm,Software Developer Intern - HR&D,active -> inactive,Applications closed
2026-09-30T06:20:06Z,TMEIC Corporation Americas,Applications Intern - AI and Machine Learning,active -> inactive,Applications closed
2026-09-30T06:20:06Z,The Aerospace Corporation,Aerospace Software Engineer Intern,active -> inactive,Applications closed
2026-09-30T06:20:06Z,The Federal Reserve System,Payments Forum Intern - Spring/Summer 2027,active -> inactive,Applications closed
2026-09-30T06:20:06Z,The Federal Reserve System,Research Business Survey Intern,active -> inactive,Applications closed
2026-09-30T06:20:06Z,The Hartford,Software Engineer Intern - Tech & Data Program,active -> inactive,Applications closed
2026-09-30T06:20:06Z,Vertiv,Product Management Intern - Summer 2027,active -> inactive,Applications closed
2026-09-30T06:20:06Z,Virtu Financial,Hardware Engineer Intern - FPGA,active -> inactive,Applications closed
2026-09-30T06:20:06Z,Waymo,Data Science Intern - Commercialization Testing,active -> inactive,Applications closed
2026-09-30T06:20:06Z,Waymo,Software Engineer Intern - BS/MS,active -> inactive,Applications closed
2026-09-30T06:20:06Z,Waymo,Software Engineering Intern - Maneuvering Tech,active -> inactive,Applications closed
2026-09-30T06:20:06Z,Western Digital,Hardware Engineering Intern,active -> inactive,Applications closed
2026-09-30T06:20:06Z,Freddie Mac,Multifamily Digital Product Analysis Intern - Summer 2027,inactive -> active,Reopened
2026-09-30T06:20:06Z,Walmart,Data Science Intern 3,inactive -> active,Reopened
2026-10-01T06:55:47Z,Allied Solutions,Data Science Intern - Data Intelligence,active -> inactive,Applications closed
2026-10-01T06:55:47Z,Allied Solutions,Product Management Intern - Risk Management,active -> inactive,Applications closed
2026-10-01T06:55:47Z,Allied Solutions,Sales Analytics Intern,active -> inactive,Applications closed
2026-10-01T06:55:47Z,Allied Solutions,Software Engineer Intern,active -> inactive,Applications closed
2026-10-01T06:55:47Z,Ameriprise Financial,Asset Management Technology Intern - Data Enablement,active -> inactive,Applications closed
2026-10-01T06:55:47Z,BlueCross BlueShield of Nebraska,Digital Experience Information Systems Intern,active -> inactive,Applications closed
2026-10-01T06:55:47Z,CACI,Software Engineer Co-op - Summer & Fall 2027,active -> inactive,Applications closed
2026-10-01T06:55:47Z,Daimler Truck,Reliability Engineer Intern,active -> inactive,Applications closed
2026-10-01T06:55:47Z,GE Vernova,CIC Systems Engineer Co-op,active -> inactive,Applications closed
2026-10-01T06:55:47Z,GE Vernova,Hardware Automation and Test Engineering Intern - Spring/Summer 2027,active -> inactive,Applications closed
2026-10-01T06:55:47Z,GlobalFoundries,Design Application Engineering Intern,active -> inactive,Applications closed
2026-10-01T06:55:47Z,HPR,FPGA Engineer Intern,active -> inactive,Applications closed
2026-10-01T06:55:47Z,HPR,Software Engineer Intern,active -> inactive,Applications closed
2026-10-01T06:55:47Z,Marathon Petroleum,Geographic Information Systems Intern/Co-op,active -> inactive,Applications closed
2026-10-01T06:55:47Z,McKesson,Data Analyst Intern,active -> inactive,Applications closed
2026-10-01T06:55:47Z,Neogen,Electrical Engineer Intern - Instrumentation,active -> inactive,Applications closed
2026-10-01T06:55:47Z,Philips,Service Contracts Lifecycle Operations Intern,active -> inactive,Applications closed
2026-10-01T06:55:47Z,Procter & Gamble,PhD Summer Intern - Beauty Care,active -> inactive,Applications closed
2026-10-01T06:55:47Z,RTX,Production Hardware Electrical Engineer Intern,active -> inactive,Applications closed
2026-10-01T06:55:47Z,RTX,Software Engineer Co-op - Spring/Summer 2027,active -> inactive,Applications closed
2026-10-01T06:55:47Z,Renesas Electronics,Design Verification Intern,active -> inactive,Applications closed
2026-10-01T06:55:47Z,Repsol,Subsurface Engineering Intern,active -> inactive,Applications closed
2026-10-01T06:55:47Z,Royal Bank of Canada,Algorithmic Trading Developer Co-op - Global Equities,active -> inactive,Applications closed
2026-10-01T06:55:47Z,The Aerospace Corporation,Machine Learning Engineering Intern,active -> inactive,Applications closed
2026-10-01T06:55:47Z,The Hartford,"Data Engineer Intern - Technology, Data, AI, and Operations",active -> inactive,Applications closed
2026-10-01T06:55:47Z,Two Sigma,AI Research Scientist Intern - 2027 Summer,active -> inactive,Applications closed
2026-10-01T06:55:47Z,Two Sigma,Quantitative Researcher Intern,active -> inactive,Applications closed
2026-10-01T06:55:47Z,Verizon Communications,Data Scientist Intern - Fiber Engineering & Operations,active -> inactive,Applications closed
2026-10-01T06:55:47Z,Watts Water,B2C E-Commerce Analytics & Website Intern - Summer 2027,active -> inactive,Applications closed
2026-10-01T06:55:47Z,Westinghouse Electric Company,Finance Analyst Intern,active -> inactive,Applications closed
2026-10-01T06:55:47Z,Zip,Software Engineer Intern,active -> inactive,Applications closed
2026-10-01T06:55:47Z,American Express,Software Engineering Apprentice - Technology,inactive -> active,Reopened
2026-10-01T06:55:47Z,Athene,Software Developer Intern,inactive -> active,Reopened
2026-10-01T06:55:47Z,Boston Scientific,Data Engineer Intern,inactive -> active,Reopened
2026-10-01T06:55:47Z,First Citizens BancShares,IT Intern - Software Developer,inactive -> active,Reopened
2026-10-01T06:55:47Z,Goldman Sachs,Quantitative Strategist Intern - Investment Banking,inactive -> active,Reopened
2026-10-01T06:55:47Z,Hitachi,Onboard Software Developer Intern,inactive -> active,Reopened
2026-10-01T06:55:47Z,Live Oak Bank,Architecture/Engineering Intern,inactive -> active,Reopened
2026-10-01T06:55:47Z,Mastercard,Software Engineer Intern,inactive -> active,Reopened
2026-10-01T06:55:47Z,Microsoft,Product Manager Intern,inactive -> active,Reopened
2026-10-02T06:45:58Z,Alberta Investment Management Corporation,Fixed Income Co-op,active -> inactive,Applications closed
2026-10-02T06:45:58Z,American Express,Data Analytics Intern - Global Servicing - Financial Crimes Risk & Controls,active -> inactive,Applications closed
2026-10-02T06:45:58Z,American Express,Product Development Intern - Global Servicing,active -> inactive,Applications closed
2026-10-02T06:45:58Z,American Express,Product Management Intern,active -> inactive,Applications closed
2026-10-02T06:45:58Z,Arch Capital Group,Data and Analytics Intern,active -> inactive,Applications closed
2026-10-02T06:45:58Z,Axiom Space,Software Engineer Intern,active -> inactive,Applications closed
2026-10-02T06:45:58Z,Booz Allen,Electronic Warfare FPGA Engineer Intern,active -> inactive,Applications closed
2026-10-02T06:45:58Z,Duolingo,Software Engineer Intern - Thrive,active -> inactive,Applications closed
2026-10-02T06:45:58Z,GE Healthcare,Data Analytics Intern,active -> inactive,Applications closed
2026-10-02T06:45:58Z,Goldman Sachs,Quantitative Strategist Intern - Investment Banking,active -> inactive,Applications closed
2026-10-02T06:45:58Z,Hudl,Product Management Intern,active -> inactive,Applications closed
2026-10-02T06:45:58Z,Hudl,Software Engineer Intern,active -> inactive,Applications closed
2026-10-02T06:45:58Z,JP Morgan Chase,Quantitative Research Intern,active -> inactive,Applications closed
2026-10-02T06:45:58Z,KeyBank,Data Intern - Key Technology & Services - Data Track,active -> inactive,Applications closed
2026-10-02T06:45:58Z,LexisNexis Legal & Professional,Data Science Intern,active -> inactive,Applications closed
2026-10-02T06:45:58Z,LexisNexis Legal & Professional,Software Engineer Intern,active -> inactive,Applications closed
2026-10-02T06:45:58Z,Mastercard,Data Scientist Intern,active -> inactive,Applications closed
2026-10-02T06:45:58Z,Medline,Business Intelligence Development/Analytics Intern,active -> inactive,Applications closed
2026-10-02T06:45:58Z,Microsoft,Product Manager Intern,active -> inactive,Applications closed
2026-10-02T06:45:58Z,Moog,Software Engineer Intern - Military Aircraft,active -> inactive,Applications closed
2026-10-02T06:45:58Z,Netsmart,Software Engineer Intern,active -> inactive,Applications closed
2026-10-02T06:45:58Z,Northwestern Mutual,Actuarial Systems Intern,active -> inactive,Applications closed
2026-10-02T06:45:58Z,Northwestern Mutual,Investment Data & Analytics Intern,active -> inactive,Applications closed
2026-10-02T06:45:58Z,Patch My PC,Software Engineer Intern,active -> inactive,Applications closed
2026-10-02T06:45:58Z,Pentair,Product Management Internship,active -> inactive,Applications closed
2026-10-02T06:45:58Z,Principal Financial Group,Data and Analytics Intern - Multiple Teams,active -> inactive,Applications closed
2026-10-02T06:45:58Z,Principal Financial Group,Software Engineer Intern - Summer 2027,active -> inactive,Applications closed
2026-10-02T06:45:58Z,RTX,Software Engineer Intern - Summer 2027,active -> inactive,Applications closed
2026-10-02T06:45:58Z,Schonfeld,Software Engineering Intern,active -> inactive,Applications closed
2026-10-02T06:45:58Z,Sun Life,Reporting Analyst Co-op,active -> inactive,Applications closed
2026-10-02T06:45:58Z,The Boeing Company,Data Analytics Intern,active -> inactive,Applications closed
2026-10-02T06:45:58Z,TikTok,Machine Learning Engineer Intern - Recommendation,active -> inactive,Applications closed
2026-10-02T06:45:58Z,U.S. Bank,Engineering Intern,active -> inactive,Applications closed
2026-10-02T06:45:58Z,USAA,Quantitative Risk Analyst Intern,active -> inactive,Applications closed
2026-10-02T06:45:58Z,Uline,International Operations Analyst Intern,active -> inactive,Applications closed
2026-10-02T06:45:58Z,Uline,Marketing Intern,active -> inactive,Applications closed
2026-10-02T06:45:58Z,Uline,Software Development Intern,active -> inactive,Applications closed
2026-10-02T06:45:58Z,Wex,AI & Data Platform Engineering Intern - Undergraduate,active -> inactive,Applications closed
2026-10-02T06:45:58Z,BlueCross BlueShield of Nebraska,Healthcare Reimbursement Analytics Intern - Summer 2027,inactive -> active,Reopened
2026-10-02T06:45:58Z,Howmet Aerospace,Artificial Intelligence Intern - AI,inactive -> active,Reopened
2026-10-02T06:45:58Z,Microsoft,Software Engineer Intern - CoreAI,inactive -> active,Reopened
2026-10-02T06:45:58Z,RSM,Business Intelligence Consulting Intern,inactive -> active,Reopened
2026-10-02T06:45:58Z,Royal Bank of Canada,Algorithmic Trading Developer Co-op - Global Equities,inactive -> active,Reopened
2026-10-02T06:45:58Z,Travelers,Engineering Development Intern,inactive -> active,Reopened
2026-10-03T06:06:04Z,AMD,Diagnostics Design Engineering Intern/Co-op,active -> inactive,Applications closed
2026-10-03T06:06:04Z,Acima,Software Engineer Intern,active -> inactive,Applications closed
2026-10-03T06:06:04Z,AtkinsRéalis,Data Scientist Intern - Summer 2027,active -> inactive,Applications closed
2026-10-03T06:06:04Z,Barclays,Technology Developer Intern,active -> inactive,Applications closed
2026-10-03T06:06:04Z,Boston Scientific,Data Engineer Intern,active -> inactive,Applications closed
2026-10-03T06:06:04Z,Boston Scientific,Data Science Co-op,active -> inactive,Applications closed
2026-10-03T06:06:04Z,Boston Scientific,R&D Firmware Engineer Intern,active -> inactive,Applications closed
2026-10-03T06:06:04Z,Boston Scientific,Software Engineer Intern - Interns/Graduates,active -> inactive,Applications closed
2026-10-03T06:06:04Z,British Columbia Investment,Software Engineer Co-op Intern - Investment Tech/Data & Analytics,active -> inactive,Applications closed
2026-10-03T06:06:04Z,Brunswick,Reinforcement Learning Intern - Boating Intelligence Design Lab,active -> inactive,Applications closed
2026-10-03T06:06:04Z,ByteDance,AI Perception Intern - Pico,active -> inactive,Applications closed
2026-10-03T06:06:04Z,ByteDance,Software Engineer Intern - AI Infra Compute,active -> inactive,Applications closed
2026-10-03T06:06:04Z,Chicago Trading Company,Quant Trading Intern,active -> inactive,Applications closed
2026-10-03T06:06:04Z,Chicago Trading Company,Software Engineer Intern,active -> inactive,Applications closed
2026-10-03T06:06:04Z,Cigna Group,AI/ML Engineer Intern,active -> inactive,Applications closed
2026-10-03T06:06:04Z,Cigna Group,Legal Operations Financial Data & AI Analytics Intern,active -> inactive,Applications closed
2026-10-03T06:06:04Z,CoStar Group,Technology Intern - Multiple Teams,active -> inactive,Applications closed
2026-10-03T06:06:04Z,Corning,Data Analytics Intern - Summer 2027,active -> inactive,Applications closed
2026-10-03T06:06:04Z,Cox,Data Governance and Management Intern,active -> inactive,Applications closed
2026-10-03T06:06:04Z,Dandy,Software Engineering Intern,active -> inactive,Applications closed
2026-10-03T06:06:04Z,Deutsche Bank,Quantitative Trading Intern - Fixed Income & Currencies,active -> inactive,Applications closed
2026-10-03T06:06:04Z,Dropbox,Software Engineer Intern - Summer 2027,active -> inactive,Applications closed
2026-10-03T06:06:04Z,EMC Insurance,Data Science Intern,active -> inactive,Applications closed
2026-10-03T06:06:04Z,Fifth Third Bank,Enterprise Data Office Co-op,active -> inactive,Applications closed
2026-10-03T06:06:04Z,Genworth Financial,Data Analytics Intern - Summer 2027,active -> inactive,Applications closed
2026-10-03T06:06:04Z,Google,Research Scientist PhD Intern,active -> inactive,Applications closed
2026-10-03T06:06:04Z,Howmet Aerospace,Artificial Intelligence Intern - AI,active -> inactive,Applications closed
2026-10-03T06:06:04Z,Iridium Communications,Software Engineering Intern,active -> inactive,Applications closed
2026-10-03T06:06:04Z,Kinder Morgan,Intern - IT,active -> inactive,Applications closed
2026-10-03T06:06:04Z,LabCorp,Financial Analytics & Technology Intern - Financial Analytics Team,active -> inactive,Applications closed
2026-10-03T06:06:04Z,Mastercard,Software Engineer Intern,active -> inactive,Applications closed
2026-10-03T06:06:04Z,Microsoft,Software Engineer Intern - CoreAI,active -> inactive,Applications closed
2026-10-03T06:06:04Z,NXP Semiconductors,Data Science / Structured Problem Solving Intern - Summer 2027,active -> inactive,Applications closed
2026-10-03T06:06:04Z,NXP Semiconductors,Design for Test Engineer Intern - Summer 2027,active -> inactive,Applications closed
2026-10-03T06:06:04Z,NXP Semiconductors,Test Engineer Intern,active -> inactive,Applications closed
2026-10-03T06:06:04Z,NiSource,Change Management Analytics Intern,active -> inactive,Applications closed
2026-10-03T06:06:04Z,NiSource,Software Engineer Intern,active -> inactive,Applications closed
2026-10-03T06:06:04Z,Northrop Grumman,Test Engineer Intern,active -> inactive,Applications closed
2026-10-03T06:06:04Z,RSM,Business Intelligence Consulting Intern,active -> inactive,Applications closed
2026-10-03T06:06:04Z,Repsol,Energy Assessment Intern,active -> inactive,Applications closed
2026-10-03T06:06:04Z,Rubrik,Product Growth Intern - MBA,active -> inactive,Applications closed
2026-10-03T06:06:04Z,SpaceX,Silicon Engineer Intern/Co-op,active -> inactive,Applications closed
2026-10-03T06:06:04Z,SpaceX,Software Engineering Intern/Co-op,active -> inactive,Applications closed
2026-10-03T06:06:04Z,StepStone Group,AI Intern,active -> inactive,Applications closed
2026-10-03T06:06:04Z,Stryten,Electrical Engineer Intern,active -> inactive,Applications closed
2026-10-03T06:06:04Z,TikTok,Research Engineer Intern - Monetization Technology - Business Integrity,active -> inactive,Applications closed
2026-10-03T06:06:04Z,U.S. Bank,Quantitative Modeling Intern,active -> inactive,Applications closed
2026-10-03T06:06:04Z,USAA,Data Intern - Future Leaders Program,active -> inactive,Applications closed
2026-10-03T06:06:04Z,Uline,Executive Operations Analyst Intern - Summer 2027,active -> inactive,Applications closed
2026-10-03T06:06:04Z,Ulta Beauty,Digital Product Management Intern,active -> inactive,Applications closed
2026-10-03T06:06:04Z,Ulta Beauty,Supply Chain Data & Analytics Intern,active -> inactive,Applications closed
2026-10-03T06:06:04Z,Upbound Group,Customer Performance Analytics Intern,active -> inactive,Applications closed
2026-10-03T06:06:04Z,Upbound Group,Software Engineer Intern,active -> inactive,Applications closed
2026-10-03T06:06:04Z,Vanguard,IT Intern - Application Development,active -> inactive,Applications closed
2026-10-03T06:06:04Z,Verisk,Technology Intern - Summer Internship Program,active -> inactive,Applications closed
2026-10-03T06:06:04Z,Vertiv,Product Management Intern,active -> inactive,Applications closed
2026-10-03T06:06:04Z,Wipfli,Data and Analytics Consulting Intern - Summer 2027,active -> inactive,Applications closed
2026-10-03T06:06:04Z,iRhythm Technologies,Lifecycle Engineering Co-op Intern,active -> inactive,Applications closed
2026-10-03T06:06:04Z,Barclays,Quantitative Finance Associate Intern,inactive -> active,Reopened
2026-10-03T06:06:04Z,Belden,R&D Cable Intern,inactive -> active,Reopened
2026-10-03T06:06:04Z,Boston Scientific,Software Engineer Intern - R&D,inactive -> active,Reopened
2026-10-03T06:06:04Z,ByteDance,Research Scientist Intern,inactive -> active,Reopened
2026-10-03T06:06:04Z,Charles Schwab,Data Engineering Intern - Data Engineering,inactive -> active,Reopened
2026-10-03T06:06:04Z,Charles Schwab,Software Engineering Intern - Technology,inactive -> active,Reopened
2026-10-03T06:06:04Z,Deloitte,AI and Data Engineering Summer Scholar Intern - Government & Public Services,inactive -> active,Reopened
2026-10-03T06:06:04Z,GE Appliances,Electrical Engineer Co-op,inactive -> active,Reopened
2026-10-03T06:06:04Z,Stryten,System Engineer Intern,inactive -> active,Reopened
2026-10-03T06:06:04Z,The Hartford,Software Engineer Intern - Tech & Data Program,inactive -> active,Reopened
2026-10-03T06:06:04Z,USAA,Quantitative Risk Analyst Intern,inactive -> active,Reopened
2026-10-04T06:38:47Z,American Express,Product Development Intern - US Consumer Services,active -> inactive,Applications closed
2026-10-04T06:38:47Z,Astranis,Reliability Test Intern,active -> inactive,Applications closed
2026-10-04T06:38:47Z,Boston Scientific,Software Engineer Intern - R&D,active -> inactive,Applications closed
2026-10-04T06:38:47Z,ByteDance,Research Intern - AI Compute Efficiency & Scheduling,active -> inactive,Applications closed
2026-10-04T06:38:47Z,ByteDance,Software Engineer Intern - AI Platform,active -> inactive,Applications closed
2026-10-04T06:38:47Z,Centene,Medical Economics Analyst Intern,active -> inactive,Applications closed
2026-10-04T06:38:47Z,DV Trading,Quantitative Risk Intern,active -> inactive,Applications closed
2026-10-04T06:38:47Z,Dandy,PhD Research Intern,active -> inactive,Applications closed
2026-10-04T06:38:47Z,Dev Technology Group,AI/Agentic Solution Engineer Intern - Summer 2027,active -> inactive,Applications closed
2026-10-04T06:38:47Z,GCM Grosvenor,Fund Data Reporting and Analytics Intern,active -> inactive,Applications closed
2026-10-04T06:38:47Z,GE Appliances,Electrical Engineer Co-op,active -> inactive,Applications closed
2026-10-04T06:38:47Z,GE Appliances,Software Engineer Co-op - Software Engineering,active -> inactive,Applications closed
2026-10-04T06:38:47Z,Garda Capital Partners,Trading Analyst Intern - Credit,active -> inactive,Applications closed
2026-10-04T06:38:47Z,Impulse Space,Ground Software Engineering Intern - Summer 2027,active -> inactive,Applications closed
2026-10-04T06:38:47Z,Marvell,Architecture Intern - MS,active -> inactive,Applications closed
2026-10-04T06:38:47Z,National Life,Strategic Operations Analyst Intern,active -> inactive,Applications closed
2026-10-04T06:38:47Z,Northrop Grumman,Cyber Software Engineer Intern,active -> inactive,Applications closed
2026-10-04T06:38:47Z,PSP Investments,AI Solutions Intern - External Manager Selection & Monitoring,active -> inactive,Applications closed
2026-10-04T06:38:47Z,Philips,Electrical Engineer Intern,active -> inactive,Applications closed
2026-10-04T06:38:47Z,RTX,Software Engineer Co-op - Spring/Summer 2027,active -> inactive,Applications closed
2026-10-04T06:38:47Z,Rocket Lab USA,Systems Engineer Intern,active -> inactive,Applications closed
2026-10-04T06:38:47Z,TD Bank,Data Analyst Intern - Global Technology & Solutions,active -> inactive,Applications closed
2026-10-04T06:38:47Z,TD Bank,Software Engineer Intern - Global Technology & Solutions,active -> inactive,Applications closed
2026-10-04T06:38:47Z,TikTok,Backend Software Engineer Intern - LIVE Foundation Governance Engineering,active -> inactive,Applications closed
2026-10-04T06:38:47Z,TikTok,Backend Software Engineer Intern - Product Infrastructure,active -> inactive,Applications closed
2026-10-04T06:38:47Z,TikTok,Machine Learning Engineer Intern,active -> inactive,Applications closed
2026-10-04T06:38:47Z,TikTok,Machine Learning Engineer Intern - Data-Global E-Commerce-Search,active -> inactive,Applications closed
2026-10-04T06:38:47Z,TikTok,Product Operations Intern - Apps and API,active -> inactive,Applications closed
2026-10-04T06:38:47Z,TikTok,Recommendation Product Manager Intern - Content Ecosystem,active -> inactive,Applications closed
2026-10-04T06:38:47Z,USAA,Technology Intern,active -> inactive,Applications closed
2026-10-04T06:38:47Z,Verisk,AI Intern - Summer Internship Program,active -> inactive,Applications closed
2026-10-04T06:38:47Z,Wellington Management,Technology Undergraduate Intern,active -> inactive,Applications closed
2026-10-04T06:38:47Z,NVIDIA,Research Intern,inactive -> active,Reopened
2026-10-05T06:35:45Z,AIG,Summer Intern - Data Office,active -> inactive,Applications closed
2026-10-05T06:35:45Z,AMD,Graphics Software Engineer Intern/Co-op,active -> inactive,Applications closed
2026-10-05T06:35:45Z,AMD,Product Management Intern/Co-op - Multiple Teams,active -> inactive,Applications closed
2026-10-05T06:35:45Z,AMD,Software Engineer Intern/Co-op - Masters,active -> inactive,Applications closed
2026-10-05T06:35:45Z,Atlassian,Research Intern,active -> inactive,Applications closed
2026-10-05T06:35:45Z,BJC HealthCare,RPA Automation Intern,active -> inactive,Applications closed
2026-10-05T06:35:45Z,BlackRock,Quantitative Master’s Intern - Investments - Portfolio Management,active -> inactive,Applications closed
2026-10-05T06:35:45Z,ByteDance,AI Network Automation Engineer Intern - Global Physical Network Infrastructure,active -> inactive,Applications closed
2026-10-05T06:35:45Z,ByteDance,GPU/AI Application System Software Engineer Intern - System Technologies and Engineering,active -> inactive,Applications closed
2026-10-05T06:35:45Z,ByteDance,Research Scientist Intern,active -> inactive,Applications closed
2026-10-05T06:35:45Z,CDM Smith,Electrical Engineer Intern - Summer 2027,active -> inactive,Applications closed
2026-10-05T06:35:45Z,Corning,Digital & IT Intern,active -> inactive,Applications closed
2026-10-05T06:35:45Z,Corning,Digital & IT Intern - Analyst - Data & AI Platform Engineering,active -> inactive,Applications closed
2026-10-05T06:35:45Z,Corning,Digital and Information Technology Intern - Analyst,active -> inactive,Applications closed
2026-10-05T06:35:45Z,Corning,Imaging Sciences Engineer Intern,active -> inactive,Applications closed
2026-10-05T06:35:45Z,FAST Enterprises,Implementation Intern,active -> inactive,Applications closed
2026-10-05T06:35:45Z,HD Supply,Artificial Intelligence and Data Science Intern - Artificial Intelligence & Data Science,active -> inactive,Applications closed
2026-10-05T06:35:45Z,Huntington Bancshares,Business Innovation & AI Products Intern,active -> inactive,Applications closed
2026-10-05T06:35:45Z,Johns Hopkins Applied Physics Laboratory,Artificial Intelligence and Machine Learning Intern - Research Assistant,active -> inactive,Applications closed
2026-10-05T06:35:45Z,Johns Hopkins Applied Physics Laboratory,Engineer/Scientist Intern - Health Systems and Human-Machine Systems,active -> inactive,Applications closed
2026-10-05T06:35:45Z,Johns Hopkins Applied Physics Laboratory,Mission Systems Engineering Intern,active -> inactive,Applications closed
2026-10-05T06:35:45Z,Johns Hopkins Applied Physics Laboratory,Sensor Systems Intern - Data Analytics,active -> inactive,Applications closed
2026-10-05T06:35:45Z,LPL Financial Holdings,Data Engineer Intern - Data,active -> inactive,Applications closed
2026-10-05T06:35:45Z,LPL Financial Holdings,Product Intern - Product,active -> inactive,Applications closed
2026-10-05T06:35:45Z,LPL Financial Holdings,Software Engineer Intern,active -> inactive,Applications closed
2026-10-05T06:35:45Z,LabCorp,IT Product Manager Intern - Payer Team,active -> inactive,Applications closed
2026-10-05T06:35:45Z,Lawrence Livermore National Laboratory,Computing Undergraduate Student Intern - Early Internship Program,active -> inactive,Applications closed
2026-10-05T06:35:45Z,Manulife Financial,AI Intern - AI,active -> inactive,Applications closed
2026-10-05T06:35:45Z,Manulife Financial,Product Management & Risk Technology Co-op,active -> inactive,Applications closed
2026-10-05T06:35:45Z,Manulife Financial,Quantitative Analyst Co-op Intern - Derivative and Asset Modeling,active -> inactive,Applications closed
2026-10-05T06:35:45Z,Manulife Financial,Software Engineering Intern,active -> inactive,Applications closed
2026-10-05T06:35:45Z,Maven Securities,Trader Intern - Summer,active -> inactive,Applications closed
2026-10-05T06:35:45Z,Merck,Digital Strategy & Insights Intern - Global Supplier Management Group,active -> inactive,Applications closed
2026-10-05T06:35:45Z,Momentive,Environmental Protection Intern,active -> inactive,Applications closed
2026-10-05T06:35:45Z,Momentive,Product Management Intern - Specialty Additives,active -> inactive,Applications closed
2026-10-05T06:35:45Z,Momentive,Web Content Support and Administration Intern,active -> inactive,Applications closed
2026-10-05T06:35:45Z,Navy Federal,Product Strategist Intern - Student Loans,active -> inactive,Applications closed
2026-10-05T06:35:45Z,Nebraska Medicine,Forward Deployed AI Engineer Intern,active -> inactive,Applications closed
2026-10-05T06:35:45Z,Northrop Grumman,Software Engineer Intern - Aeronautics Systems,active -> inactive,Applications closed
2026-10-05T06:35:45Z,Optiver,Quantitative Intern - Summer 2027,active -> inactive,Applications closed
2026-10-05T06:35:45Z,Oshkosh,Advanced Analytics Intern,active -> inactive,Applications closed
2026-10-05T06:35:45Z,Oshkosh,Product Intern,active -> inactive,Applications closed
2026-10-05T06:35:45Z,Post Holdings,Data Science Intern - Summer 2027,active -> inactive,Applications closed
2026-10-05T06:35:45Z,Rivian and Volkswagen Group Technologies,Software Engineering Intern - Applications - Infotainment & Mobile,active -> inactive,Applications closed
2026-10-05T06:35:45Z,Rivian and Volkswagen Group Technologies,Software Engineering Intern - Vehicle Controls,active -> inactive,Applications closed
2026-10-05T06:35:45Z,Roblox,Software Engineer Intern,active -> inactive,Applications closed
2026-10-05T06:35:45Z,The Friedkin Group,IT Data Analytics Intern - Business Systems & AI,active -> inactive,Applications closed
2026-10-05T06:35:45Z,The Toro Company,Robotics System Test Intern,active -> inactive,Applications closed
2026-10-05T06:35:45Z,The Toro Company,Test Engineer Intern,active -> inactive,Applications closed
2026-10-05T06:35:45Z,TikTok,Backend Software Engineer Intern - Creation Platform,active -> inactive,Applications closed
2026-10-05T06:35:45Z,TikTok,Ecosystem Analyst Intern - TikTok LIVE,active -> inactive,Applications closed
2026-10-05T06:35:45Z,TikTok,LLM Post-training Engineer Intern - Research & Product,active -> inactive,Applications closed
2026-10-05T06:35:45Z,TikTok,Machine Learning Engineer Intern - Search,active -> inactive,Applications closed
2026-10-05T06:35:45Z,TikTok,Product Operations Intern - TikTok Shop Apps and API - MBA,active -> inactive,Applications closed
2026-10-05T06:35:45Z,TikTok,Software Engineer Intern - Foundation Platform,active -> inactive,Applications closed
2026-10-05T06:35:45Z,Veeam Software,Services Portfolio Management Intern,active -> inactive,Applications closed
2026-10-05T06:35:45Z,Waymo,Software Engineering Intern - Behavior Test - MS,active -> inactive,Applications closed
2026-10-05T06:35:45Z,Williams-Sonoma,Merchandising Intern,active -> inactive,Applications closed
2026-10-05T06:35:45Z,AMD,Software Engineer Intern/Co-op,inactive -> active,Reopened
2026-10-05T06:35:45Z,Avery Dennison,RFID Applications Engineer Co-op - Summer 2027 - Plus one semester,inactive -> active,Reopened
2026-10-05T06:35:45Z,DTCC,Product Management Intern - 2027 Internship Program,inactive -> active,Reopened
2026-10-05T06:35:45Z,Fannie Mae,Technology Program Intern,inactive -> active,Reopened
2026-10-05T06:35:45Z,Medline,Product Management Intern - Summer 2027,inactive -> active,Reopened
2026-10-05T06:35:45Z,Navy Federal,Credit Risk Analyst Intern,inactive -> active,Reopened
2026-10-05T06:35:45Z,State Farm,Software Developer Intern - HR&D,inactive -> active,Reopened
2026-10-05T06:35:45Z,TD Bank,Software Engineer Intern - Global Technology & Solutions,inactive -> active,Reopened
2026-10-05T06:35:45Z,TikTok,Client Solutions Intern,inactive -> active,Reopened
2026-10-05T06:35:45Z,TikTok,Machine Learning MLOps Intern - Global Site Reliability Engineering,inactive -> active,Reopened
2026-10-06T07:14:58Z,AMD,AI Engineering Intern,active -> inactive,Applications closed
2026-10-06T07:14:58Z,Ameren,Digital Co-op,active -> inactive,Applications closed
2026-10-06T07:14:58Z,Ameren,Meteorology Intern - Crisis Management,active -> inactive,Applications closed
2026-10-06T07:14:58Z,BTI360,Software Engineer Intern,active -> inactive,Applications closed
2026-10-06T07:14:58Z,ByteDance,Machine Learning Research Scientist Intern - Seed AI for Science - Atomistic AI,active -> inactive,Applications closed
2026-10-06T07:14:58Z,ByteDance,Network Software Engineer Intern - Network Switch,active -> inactive,Applications closed
2026-10-06T07:14:58Z,CACI,Software/Network Engineering Intern,active -> inactive,Applications closed
2026-10-06T07:14:58Z,Charles Schwab,Data Engineering Intern - Data Engineering,active -> inactive,Applications closed
2026-10-06T07:14:58Z,Charles Schwab,Software Engineering Intern - Technology,active -> inactive,Applications closed
2026-10-06T07:14:58Z,DRW,Software Developer Intern,active -> inactive,Applications closed
2026-10-06T07:14:58Z,Devon Energy,Technology Intern - Data Engineering,active -> inactive,Applications closed
2026-10-06T07:14:58Z,Exelon,Data Science Intern - Data Science/Analytics,active -> inactive,Applications closed
2026-10-06T07:14:58Z,HMH,AI & Automation Development Intern,active -> inactive,Applications closed
2026-10-06T07:14:58Z,Hexagon AB,Defense Engineer Intern - Aerospace and Defense Engineering,active -> inactive,Applications closed
2026-10-06T07:14:58Z,Hitachi,Onboard Software Developer Intern,active -> inactive,Applications closed
2026-10-06T07:14:58Z,Invesco,Early Career Intern - Digital Asset Product,active -> inactive,Applications closed
2026-10-06T07:14:58Z,Kinder Morgan,ESG Intern,active -> inactive,Applications closed
2026-10-06T07:14:58Z,Live Oak Bank,Architecture/Engineering Intern,active -> inactive,Applications closed
2026-10-06T07:14:58Z,Mastercard,Product Management Intern - Summer 2027,active -> inactive,Applications closed
2026-10-06T07:14:58Z,Medline,MBA Intern - Product Management,active -> inactive,Applications closed
2026-10-06T07:14:58Z,Medline,Software Engineer Intern - Summer 2027,active -> inactive,Applications closed
2026-10-06T07:14:58Z,Motorola,Junior Product Owner Intern,active -> inactive,Applications closed
2026-10-06T07:14:58Z,NVIDIA,PhD Research Intern - Programming Systems,active -> inactive,Applications closed
2026-10-06T07:14:58Z,Noblis,Data Science and Innovation Intern,active -> inactive,Applications closed
2026-10-06T07:14:58Z,Northrop Grumman,Hardware Electronics Engineer Intern,active -> inactive,Applications closed
2026-10-06T07:14:58Z,RTX,Test Engineering Intern,active -> inactive,Applications closed
2026-10-06T07:14:58Z,Revel,Embedded Software Engineer Intern,active -> inactive,Applications closed
2026-10-06T07:14:58Z,Revel,Full Stack Software Engineer Intern,active -> inactive,Applications closed
2026-10-06T07:14:58Z,Royal Bank of Canada,AI Engineer Co-op - Global Equities,active -> inactive,Applications closed
2026-10-06T07:14:58Z,Royal Bank of Canada,Algorithmic Trading Developer Co-op - Global Equities,active -> inactive,Applications closed
2026-10-06T07:14:58Z,Schonfeld,Risk Analyst Intern - DMFI,active -> inactive,Applications closed
2026-10-06T07:14:58Z,The Aerospace Corporation,Software Engineering Intern,active -> inactive,Applications closed
2026-10-06T07:14:58Z,The Aerospace Corporation,Software Systems Engineer Intern - Acquisition,active -> inactive,Applications closed
2026-10-06T07:14:58Z,The Aerospace Corporation,Software Tools and Assurance Intern - Information Systems and Cyber Division,active -> inactive,Applications closed
2026-10-06T07:14:58Z,TikTok,Fullstack Software Engineer Intern - Global E-Commerce,active -> inactive,Applications closed
2026-10-06T07:14:58Z,Tokyo Electron,Automation Developer/Analyst Intern,active -> inactive,Applications closed
2026-10-06T07:14:58Z,Tokyo Electron,Data Platforms Engineer Intern,active -> inactive,Applications closed
2026-10-06T07:14:58Z,Western & Southern Financial Group,Actuarial Intern - Summer 2027,active -> inactive,Applications closed
2026-10-06T07:14:58Z,XPENG Motors,Robotics Center Intern - Multiple Teams,active -> inactive,Applications closed
2026-10-06T07:14:58Z,Zipline,Software Engineer Intern - Summer 2027,active -> inactive,Applications closed
2026-10-06T07:14:58Z,LexisNexis Legal & Professional,Data Science Intern,inactive -> active,Reopened
2026-10-06T07:14:58Z,Rothesay,Quantitative Strategist Intern,inactive -> active,Reopened
2026-10-06T07:14:58Z,Wex,AI & Data Platform Engineering Intern - Undergraduate,inactive -> active,Reopened
2026-10-06T07:14:58Z,Wex,Software Engineer Intern - AI & Cloud,inactive -> active,Reopened
2026-10-07T06:54:00Z,AMD,ML Systems Research Engineering Intern,active -> inactive,Applications closed
2026-10-07T06:54:00Z,American Family Insurance Group,GenAI Intern,active -> inactive,Applications closed
2026-10-07T06:54:00Z,Barr,GIS Specialist Intern,active -> inactive,Applications closed
2026-10-07T06:54:00Z,Belvedere Trading,Quantitative Trading Intern - Summer 2027,active -> inactive,Applications closed
2026-10-07T06:54:00Z,Belvedere Trading,Software Engineer Intern - Summer 2027,active -> inactive,Applications closed
2026-10-07T06:54:00Z,Bosch Home Comfort,AI Application Intern,active -> inactive,Applications closed
2026-10-07T06:54:00Z,ByteDance,Software Development Engineer Intern - Network Automation - 2027 Summer,active -> inactive,Applications closed
2026-10-07T06:54:00Z,Capula,Trading and Research Intern,active -> inactive,Applications closed
2026-10-07T06:54:00Z,Energy Transfer Partners,Business Transformation and Integration Intern,active -> inactive,Applications closed
2026-10-07T06:54:00Z,Epic Games,Machine Learning Intern,active -> inactive,Applications closed
2026-10-07T06:54:00Z,Excellus BCBS,Software Engineering Intern,active -> inactive,Applications closed
2026-10-07T06:54:00Z,Freeform,Electrical Engineer Intern,active -> inactive,Applications closed
2026-10-07T06:54:00Z,General Motors,Summer Intern - Global Manufacturing Robotics & Automation,active -> inactive,Applications closed
2026-10-07T06:54:00Z,General Motors,Systems/Calibration Engineer Intern - ADAS Drive,active -> inactive,Applications closed
2026-10-07T06:54:00Z,Jabil,Data Engineer Intern,active -> inactive,Applications closed
2026-10-07T06:54:00Z,Jabil,Server Platform Intern,active -> inactive,Applications closed
2026-10-07T06:54:00Z,Leidos,Software Developer Intern,active -> inactive,Applications closed
2026-10-07T06:54:00Z,LexisNexis Legal & Professional,Data Science Intern,active -> inactive,Applications closed
2026-10-07T06:54:00Z,Marvell,Analog Design Intern,active -> inactive,Applications closed
2026-10-07T06:54:00Z,Medline,RPA & Agentic AI Software Technologies Intern - Summer 2027,active -> inactive,Applications closed
2026-10-07T06:54:00Z,Nasdaq,Software Developer/Engineer Intern,active -> inactive,Applications closed
2026-10-07T06:54:00Z,Northrop Grumman,College Technical Intern,active -> inactive,Applications closed
2026-10-07T06:54:00Z,Northwestern Mutual,Quantitative Analyst Intern - Public Investments,active -> inactive,Applications closed
2026-10-07T06:54:00Z,Pinterest,UX Engineering Intern,active -> inactive,Applications closed
2026-10-07T06:54:00Z,RTX,Flight Control Software Engineer Intern,active -> inactive,Applications closed
2026-10-07T06:54:00Z,Raymond James Financial,"Private Client Banking Strategy, Analytics & Sales Intern",active -> inactive,Applications closed
2026-10-07T06:54:00Z,Spirit AeroSystems,Programmer Analyst / Developer Intern - IDT&S,active -> inactive,Applications closed
2026-10-07T06:54:00Z,The Nuclear Company,Data Science Intern,active -> inactive,Applications closed
2026-10-07T06:54:00Z,The Nuclear Company,Software Engineering Intern - Product - Platform,active -> inactive,Applications closed
2026-10-07T06:54:00Z,TikTok,AI Agent Product Manager Intern - Product Infrastructure-Customer Service Platform,active -> inactive,Applications closed
2026-10-07T06:54:00Z,TikTok,AI/ML Infrastructure Engineer Intern - Data-Arch-Tiktok Live,active -> inactive,Applications closed
2026-10-07T06:54:00Z,TikTok,Frontend Engineer Intern - Ads Interface,active -> inactive,Applications closed
2026-10-07T06:54:00Z,USAA,Quantitative Risk Analyst Intern,active -> inactive,Applications closed
2026-10-07T06:54:00Z,Dandy,PhD Research Intern,inactive -> active,Reopened
2026-10-07T06:54:00Z,Dandy,Software Engineering Intern,inactive -> active,Reopened
2026-10-07T06:54:00Z,Goldman Sachs,Quantitative Strategist Associate Intern - The Core Quantitative Strats,inactive -> active,Reopened
2026-10-07T06:54:00Z,Goldman Sachs,Quantitative Strategist Intern - Investment Banking,inactive -> active,Reopened
2026-10-07T06:54:00Z,Marathon Petroleum,Geographic Information Systems Intern/Co-op,inactive -> active,Reopened
2026-10-07T06:54:00Z,Philips,Software Engineer Co-op - R&D,inactive -> active,Reopened
2026-10-07T06:54:00Z,Revel,Embedded Software Engineer Intern,inactive -> active,Reopened
2026-10-07T06:54:00Z,Revel,Full Stack Software Engineer Intern,inactive -> active,Reopened
2026-10-07T06:54:00Z,Vertiv,Software Engineer Intern,inactive -> active,Reopened
2026-10-08T07:02:12Z,Allen Control Systems,Electrical Engineer Intern,active -> inactive,Applications closed
2026-10-08T07:02:12Z,American Express,Software Engineering Apprentice - Technology,active -> inactive,Applications closed
2026-10-08T07:02:12Z,American Family Insurance Group,Internal Data and Analytics Intern - Summer 2027,active -> inactive,Applications closed
2026-10-08T07:02:12Z,Auto-Owners Insurance,Marketplace Intelligence Intern,active -> inactive,Applications closed
2026-10-08T07:02:12Z,Barclays,Quantitative Finance Associate Intern,active -> inactive,Applications closed
2026-10-08T07:02:12Z,Boston Scientific,Software Development Engineer Co-op,active -> inactive,Applications closed
2026-10-08T07:02:12Z,Capital One,Full Stack Software Engineer Intern,active -> inactive,Applications closed
2026-10-08T07:02:12Z,Clarios,People Analytics Intern - Summer 2027,active -> inactive,Applications closed
2026-10-08T07:02:12Z,Duolingo,Associate Product Manager Intern,active -> inactive,Applications closed
2026-10-08T07:02:12Z,Efficient Computer,Hardware/Silicon Intern,active -> inactive,Applications closed
2026-10-08T07:02:12Z,Excellus BCBS,Healthcare Analytics Intern - Healthcare Analytics,active -> inactive,Applications closed
2026-10-08T07:02:12Z,Fidelity Investments,Quantitative Research Intern - Multi-Asset Research Team,active -> inactive,Applications closed
2026-10-08T07:02:12Z,First Citizens BancShares,IT Intern - Software Developer,active -> inactive,Applications closed
2026-10-08T07:02:12Z,First Citizens BancShares,Summer Intern - Sales Performance & Analytics Strategy,active -> inactive,Applications closed
2026-10-08T07:02:12Z,GE Healthcare,Systems Engineer Intern,active -> inactive,Applications closed
2026-10-08T07:02:12Z,Gallup,Software Engineer Intern - Summer 2027,active -> inactive,Applications closed
2026-10-08T07:02:12Z,Google,Product Manager Intern - Summer 2027,active -> inactive,Applications closed
2026-10-08T07:02:12Z,Ingredion,Customer Innovation Technical Service Intern - Texture & Healthful Solutions,active -> inactive,Applications closed
2026-10-08T07:02:12Z,Innovative Defense Technologies,Software Engineer Intern,active -> inactive,Applications closed
2026-10-08T07:02:12Z,John Deere,Data & Analytics Intern,active -> inactive,Applications closed
2026-10-08T07:02:12Z,John Deere,Information Technology Intern - Technology,active -> inactive,Applications closed
2026-10-08T07:02:12Z,Kyndryl,Marketing Intern - Marketing Analytics,active -> inactive,Applications closed
2026-10-08T07:02:12Z,Nasdaq,Product Owner Intern,active -> inactive,Applications closed
2026-10-08T07:02:12Z,Palomar Holdings,Technical Intern,active -> inactive,Applications closed
2026-10-08T07:02:12Z,Philips,Software Engineer Co-op - R&D,active -> inactive,Applications closed
2026-10-08T07:02:12Z,RF-SMART,Software Developer Intern - Product Engineering,active -> inactive,Applications closed
2026-10-08T07:02:12Z,RTX,Systems Engineering Test Equipment Intern,active -> inactive,Applications closed
2026-10-08T07:02:12Z,Renesas Electronics,Analog Intern,active -> inactive,Applications closed
2026-10-08T07:02:12Z,Southwest Airlines,Customer Experience and Analytics Data Science Intern,active -> inactive,Applications closed
2026-10-08T07:02:12Z,Southwest Airlines,Digital Product Intern,active -> inactive,Applications closed
2026-10-08T07:02:12Z,Space Dynamics Laboratory,"Software Engineer Intern - Software, AI, & Machine Learning",active -> inactive,Applications closed
2026-10-08T07:02:12Z,Spirit AeroSystems,Data Analytics Intern - Production & Industrial Engineering - Paid,active -> inactive,Applications closed
2026-10-08T07:02:12Z,Textron,Data Product & Analytics Intern,active -> inactive,Applications closed
2026-10-08T07:02:12Z,TikTok,Product Marketing Management Intern - Systems Strategy & Operations,active -> inactive,Applications closed
2026-10-08T07:02:12Z,Fifth Third Bank,Software Engineer Co-op - Enterprise Finance Applications - Summer 2027,inactive -> active,Reopened
2026-10-08T07:02:12Z,GE Healthcare,Data Analytics Intern,inactive -> active,Reopened
2026-10-08T07:02:12Z,HMH,AI & Automation Development Intern,inactive -> active,Reopened
2026-10-08T07:02:12Z,Intel,Software Engineer Intern,inactive -> active,Reopened
2026-10-08T07:02:12Z,Iridium Communications,Software Engineering Intern,inactive -> active,Reopened
2026-10-08T07:02:12Z,Johns Hopkins Applied Physics Laboratory,Acoustic Algorithm Development Engineer Intern,inactive -> active,Reopened
2026-10-08T07:02:12Z,Panasonic Holdings,Data Engineering Intern,inactive -> active,Reopened
2026-10-08T07:02:12Z,Persona,Software Engineer Intern,inactive -> active,Reopened
2026-10-09T07:10:17Z,American Family Insurance Group,Backend Digital Sales Intern,active -> inactive,Applications closed
2026-10-09T07:10:17Z,Avis Budget Group,Revenue Management Intern - Accelerate,active -> inactive,Applications closed
2026-10-09T07:10:17Z,Barnes & Thornburg,Information Technology AI Intern,active -> inactive,Applications closed
2026-10-09T07:10:17Z,Boston Scientific,Equipment Engineering Software Engineer Intern,active -> inactive,Applications closed
2026-10-09T07:10:17Z,Chamberlain Group,Community Product Management Intern - Summer 2027,active -> inactive,Applications closed
2026-10-09T07:10:17Z,Daktronics,Hardware Design Co-op Intern - Firmware,active -> inactive,Applications closed
2026-10-09T07:10:17Z,EquipmentShare,Software Engineer Intern,active -> inactive,Applications closed
2026-10-09T07:10:17Z,Fannie Mae,Data Science Intern - Analytics & Modeling Program,active -> inactive,Applications closed
2026-10-09T07:10:17Z,Fifth Third Bank,Software Engineer Co-op - Enterprise Finance Applications - Summer 2027,active -> inactive,Applications closed
2026-10-09T07:10:17Z,First Citizens BancShares,Summer Intern - Card Product Management - Business to Business Payments,active -> inactive,Applications closed
2026-10-09T07:10:17Z,General Motors,Economics Intern,active -> inactive,Applications closed
2026-10-09T07:10:17Z,Goldman Sachs,Quantitative Strategist Associate Intern - The Core Quantitative Strats,active -> inactive,Applications closed
2026-10-09T07:10:17Z,Goldman Sachs,Quantitative Strategist Intern - Investment Banking,active -> inactive,Applications closed
2026-10-09T07:10:17Z,Goldman Sachs,Summer Analyst Intern - Engineering,active -> inactive,Applications closed
2026-10-09T07:10:17Z,Huntington Bancshares,Data and Analytics Intern,active -> inactive,Applications closed
2026-10-09T07:10:17Z,Koch Industries,Product Management Intern,active -> inactive,Applications closed
2026-10-09T07:10:17Z,Liberty Mutual,Software Development Co-op,active -> inactive,Applications closed
2026-10-09T07:10:17Z,Marathon Petroleum,Geographic Information Systems Intern/Co-op,active -> inactive,Applications closed
2026-10-09T07:10:17Z,Merck,Intern,active -> inactive,Applications closed
2026-10-09T07:10:17Z,National Information Solutions Cooperative,Data Engineer Intern,active -> inactive,Applications closed
2026-10-09T07:10:17Z,National Information Solutions Cooperative,Software Development Intern - AI Development,active -> inactive,Applications closed
2026-10-09T07:10:17Z,POET,Software Developer Intern,active -> inactive,Applications closed
2026-10-09T07:10:17Z,Philips,Systems Test Engineering Intern,active -> inactive,Applications closed
2026-10-09T07:10:17Z,Renesas Electronics,Post Silicon Validation Intern,active -> inactive,Applications closed
2026-10-09T07:10:17Z,Saab,Software Engineer Co-op,active -> inactive,Applications closed
2026-10-09T07:10:17Z,Saab,Software Engineering Co-op,active -> inactive,Applications closed
2026-10-09T07:10:17Z,Southwest Airlines,Software Engineer Intern,active -> inactive,Applications closed
2026-10-09T07:10:17Z,Susquehanna International Group,FPGA Engineer Intern,active -> inactive,Applications closed
2026-10-09T07:10:17Z,The Aerospace Corporation,Reliability and Statistics Intern,active -> inactive,Applications closed
2026-10-09T07:10:17Z,Thermo Fisher Scientific,Senior Operations Data Analytics Intern,active -> inactive,Applications closed
2026-10-09T07:10:17Z,Tokyo Electron,Sales Business Analyst Intern,active -> inactive,Applications closed
2026-10-09T07:10:17Z,Tokyo Electron,Software Engineer Intern,active -> inactive,Applications closed
2026-10-09T07:10:17Z,Tokyo Electron,Software Engineer Intern - AI Research,active -> inactive,Applications closed
2026-10-09T07:10:17Z,U.S. Bank,Product Management Intern,active -> inactive,Applications closed
2026-10-09T07:10:17Z,USAA,Decision Science Analyst Intern,active -> inactive,Applications closed
2026-10-09T07:10:17Z,USAA,Digital Technical Product Management Intern,active -> inactive,Applications closed
2026-10-09T07:10:17Z,USAA,Product Management Analyst Intern - Property and Casualty,active -> inactive,Applications closed
2026-10-09T07:10:17Z,Waymo,Summer Intern - Multiple Teams,active -> inactive,Applications closed
2026-10-09T07:10:17Z,Booz Allen,Electronic Warfare FPGA Engineer Intern,inactive -> active,Reopened
2026-10-09T07:10:17Z,John Deere,Information Technology Intern - Technology,inactive -> active,Reopened
2026-10-09T07:10:17Z,Marsh,Summer Analyst - Data and Analytics,inactive -> active,Reopened
2026-10-09T07:10:17Z,RTX,Flight Control Software Engineer Intern,inactive -> active,Reopened
2026-10-09T07:10:17Z,USAA,Data Intern - Future Leaders Program,inactive -> active,Reopened
2026-10-10T06:43:38Z,AMD,PhD Agentic/ML System Co-op,active -> inactive,Applications closed
2026-10-10T06:43:38Z,AMD,Undergrad Validation/Debug Co-op,active -> inactive,Applications closed
2026-10-10T06:43:38Z,Altamira Technologies,Research and Development Intern,active -> inactive,Applications closed
2026-10-10T06:43:38Z,Altamira Technologies,Software Development Intern,active -> inactive,Applications closed
2026-10-10T06:43:38Z,Atoms,Machine Learning PhD Software Engineer Intern,active -> inactive,Applications closed
2026-10-10T06:43:38Z,Capital One,Data Scientist Intern,active -> inactive,Applications closed
2026-10-10T06:43:38Z,Centene,AI Enablement Intern,active -> inactive,Applications closed
2026-10-10T06:43:38Z,Coinbase,Product Manager Intern - HR Technology,active -> inactive,Applications closed
2026-10-10T06:43:38Z,ConocoPhillips,Trading Analytics Intern,active -> inactive,Applications closed
2026-10-10T06:43:38Z,Corteva,AI Engineer Intern,active -> inactive,Applications closed
2026-10-10T06:43:38Z,Cox,Technical Intern,active -> inactive,Applications closed
2026-10-10T06:43:38Z,DV Trading,Software Engineer Intern,active -> inactive,Applications closed
2026-10-10T06:43:38Z,Dev Technology Group,Microsoft Power Platform & AI Intern - Summer 2027,active -> inactive,Applications closed
2026-10-10T06:43:38Z,Draper,Requirements Engineering Intern - Digital Engineering,active -> inactive,Applications closed
2026-10-10T06:43:38Z,Electronic Arts,Product Management Intern,active -> inactive,Applications closed
2026-10-10T06:43:38Z,Gordon Food Service,Software Engineer Intern,active -> inactive,Applications closed
2026-10-10T06:43:38Z,HMH,AI & Automation Development Intern,active -> inactive,Applications closed
2026-10-10T06:43:38Z,Humana,Analytics Intern,active -> inactive,Applications closed
2026-10-10T06:43:38Z,Johns Hopkins Applied Physics Laboratory,Decision Science Intern - Software Engineer,active -> inactive,Applications closed
2026-10-10T06:43:38Z,Leidos,Data Science Intern,active -> inactive,Applications closed
2026-10-10T06:43:38Z,Marvell,Advanced Packaging Intern,active -> inactive,Applications closed
2026-10-10T06:43:38Z,Montenson,Artificial Intelligence Intern,active -> inactive,Applications closed
2026-10-10T06:43:38Z,Moog,Software Engineer Intern,active -> inactive,Applications closed
2026-10-10T06:43:38Z,Northrop Grumman,Software Developer Intern,active -> inactive,Applications closed
2026-10-10T06:43:38Z,Pinterest,UX Quantitative Research Intern,active -> inactive,Applications closed
2026-10-10T06:43:38Z,RTX,Data Analytics Intern,active -> inactive,Applications closed
2026-10-10T06:43:38Z,RTX,Flight Control Software Engineer Intern,active -> inactive,Applications closed
2026-10-10T06:43:38Z,Renesas Electronics,Marketing Analyst Intern,active -> inactive,Applications closed
2026-10-10T06:43:38Z,State Farm,Data Science Intern - Magnet Program - Online MS Analytics,active -> inactive,Applications closed
2026-10-10T06:43:38Z,State Farm,Financial Operations Data Analytics Intern,active -> inactive,Applications closed
2026-10-10T06:43:38Z,Superhuman,Software Engineer Intern - Summer 2027,active -> inactive,Applications closed
2026-10-10T06:43:38Z,Tighe & Bond,GIS Intern - Geographic Information Systems,active -> inactive,Applications closed
2026-10-10T06:43:38Z,TikTok,Data Engineer Intern - Monetization Data,active -> inactive,Applications closed
2026-10-10T06:43:38Z,TikTok,Software Engineer Intern - Global E-commerce-Search,active -> inactive,Applications closed
2026-10-10T06:43:38Z,USAA,Data Intern - Future Leaders Program,active -> inactive,Applications closed
2026-10-10T06:43:38Z,USAA,Digital/Technical Product Manager Intern - Digital and Omnichannel Servicing,active -> inactive,Applications closed
2026-10-10T06:43:38Z,Vertiv,Software Engineer Intern,active -> inactive,Applications closed
2026-10-10T06:43:38Z,DoorDash,Software Engineer Intern,inactive -> active,Reopened
2026-10-10T06:43:38Z,Edison International,Computer Science Intern,inactive -> active,Reopened
2026-10-10T06:43:38Z,Goldman Sachs,Quantitative Strategist Associate Intern - The Core Quantitative Strats,inactive -> active,Reopened
2026-10-10T06:43:38Z,Goldman Sachs,Quantitative Strategist Intern - Investment Banking,inactive -> active,Reopened
2026-10-10T06:43:38Z,RTX,Software Engineer Co-op - Spring/Summer 2027,inactive -> active,Reopened
